timestamp,open,high,low,close,volume
2024-11-01 21:00:00,69250.0,69361.6,68839.7,69272.9,5040.517
2024-11-01 22:00:00,69272.9,69459.5,69238.2,69439.2,1848.334
2024-11-01 23:00:00,69439.2,69631.4,69363.0,69495.5,1686.521
2024-11-02 00:00:00,69495.5,69683.4,69476.4,69665.4,1491.279
2024-11-02 01:00:00,69665.4,69710.0,69509.3,69660.1,980.602
2024-11-02 02:00:00,69660.1,69919.0,69650.0,69660.5,1795.201
2024-11-02 03:00:00,69660.5,69791.5,69560.0,69597.4,1182.863
2024-11-02 04:00:00,69597.4,69628.6,69457.4,69565.2,1303.588
2024-11-02 05:00:00,69565.2,69734.2,69435.5,69715.4,1467.74
2024-11-02 06:00:00,69715.4,69760.7,69578.3,69755.6,942.016
2024-11-02 07:00:00,69755.6,69818.1,69673.1,69809.1,1608.204
2024-11-02 08:00:00,69809.1,69844.0,69561.1,69622.6,1369.678
2024-11-02 09:00:00,69622.6,69650.0,69485.7,69546.3,1709.877
2024-11-02 10:00:00,69546.3,69611.9,69387.5,69606.0,1952.136
2024-11-02 11:00:00,69606.0,69694.0,69559.0,69597.5,1100.931
2024-11-02 12:00:00,69597.5,69671.2,69370.7,69440.6,2783.9
2024-11-02 13:00:00,69440.6,69687.0,69350.0,69353.6,2787.991
2024-11-02 14:00:00,69353.6,69436.0,68981.6,69250.1,7219.34
2024-11-02 15:00:00,69250.1,69433.4,69114.5,69381.7,2321.963
2024-11-02 16:00:00,69381.7,69604.4,69306.0,69566.1,2257.852
2024-11-02 17:00:00,69566.1,69587.5,69320.0,69392.4,1379.315
2024-11-02 18:00:00,69392.4,69473.8,69209.6,69411.9,1437.762
2024-11-02 19:00:00,69411.9,69550.3,69368.2,69497.4,863.331
2024-11-02 20:00:00,69497.4,69568.7,69451.1,69541.2,724.348
2024-11-02 21:00:00,69541.2,69562.8,69426.0,69426.1,1080.265
2024-11-02 22:00:00,69426.1,69545.4,69338.2,69419.0,925.411
2024-11-02 23:00:00,69419.0,69441.0,69136.3,69363.6,2862.114
2024-11-03 00:00:00,69363.6,69382.9,69150.0,69150.0,1503.893
2024-11-03 01:00:00,69150.0,69212.3,68982.4,68996.8,2914.144
2024-11-03 02:00:00,68996.8,69010.2,67820.0,68202.2,19443.668
2024-11-03 03:00:00,68202.2,68468.8,68000.5,68360.9,4914.666
2024-11-03 04:00:00,68360.9,68697.9,68285.6,68580.1,3055.919
2024-11-03 05:00:00,68580.1,68689.9,68420.0,68431.8,2885.411
2024-11-03 06:00:00,68431.8,68766.0,68380.0,68572.9,1763.651
2024-11-03 07:00:00,68572.9,68700.0,68350.0,68395.0,1837.074
2024-11-03 08:00:00,68395.0,68600.0,68280.2,68470.0,2998.265
2024-11-03 09:00:00,68470.0,68517.3,68181.4,68232.0,2620.313
2024-11-03 10:00:00,68232.0,68562.5,68232.0,68430.9,2359.034
2024-11-03 11:00:00,68430.9,68580.0,68309.3,68344.8,1888.106
2024-11-03 12:00:00,68344.8,68565.5,68276.5,68479.3,1854.109
2024-11-03 13:00:00,68479.3,68502.7,67937.6,68041.0,5739.369
2024-11-03 14:00:00,68041.0,68190.8,67537.1,67770.0,13956.496
2024-11-03 15:00:00,67770.0,68202.9,67456.1,68073.3,10967.441
2024-11-03 16:00:00,68073.3,68535.9,68042.8,68141.4,8905.397
2024-11-03 17:00:00,68141.4,68476.4,68122.0,68345.7,3157.216
2024-11-03 18:00:00,68345.7,68433.7,67644.0,67996.8,6495.222
2024-11-03 19:00:00,67996.8,68699.9,67978.8,68673.3,6364.239
2024-11-03 20:00:00,68673.3,68970.2,68488.8,68952.5,5221.519
2024-11-03 21:00:00,68952.5,69339.7,68945.0,69121.0,6880.436
2024-11-03 22:00:00,69121.0,69280.0,68760.1,68847.5,3047.111
2024-11-03 23:00:00,68847.5,68894.6,68482.8,68743.6,4370.709
2024-11-04 00:00:00,68743.6,68743.6,68200.0,68697.8,4561.46
2024-11-04 01:00:00,68697.8,69025.4,68543.7,68958.8,3714.948
2024-11-04 02:00:00,68958.8,69318.3,68868.4,69289.1,3376.58
2024-11-04 03:00:00,69289.1,69497.0,68983.2,69037.0,3589.764
2024-11-04 04:00:00,69037.0,69385.0,69036.9,69139.8,2410.25
2024-11-04 05:00:00,69139.8,69173.4,68690.5,68810.1,3117.858
2024-11-04 06:00:00,68810.1,69166.0,68810.0,69118.6,2339.133
2024-11-04 07:00:00,69118.6,69168.0,68600.0,68600.3,3273.076
2024-11-04 08:00:00,68600.3,68737.7,68438.3,68681.9,4178.671
2024-11-04 09:00:00,68681.9,68905.2,68461.5,68625.6,3593.093
2024-11-04 10:00:00,68625.6,68898.3,68585.4,68819.9,2114.756
2024-11-04 11:00:00,68819.9,69036.2,68692.0,68779.4,2383.609
2024-11-04 12:00:00,68779.4,69000.0,68720.5,68953.6,1875.981
2024-11-04 13:00:00,68953.6,69246.3,68633.3,68653.0,6435.594
2024-11-04 14:00:00,68653.0,68715.3,68160.5,68379.2,10590.338
2024-11-04 15:00:00,68379.2,68750.0,68212.0,68627.2,6541.226
2024-11-04 16:00:00,68627.2,68826.3,67578.2,67738.8,15677.47
2024-11-04 17:00:00,67738.8,67929.8,67213.2,67825.7,15133.696
2024-11-04 18:00:00,67825.7,68048.0,67487.2,67646.1,6448.229
2024-11-04 19:00:00,67646.1,68079.7,67634.0,67849.6,3415.808
2024-11-04 20:00:00,67849.6,67849.6,67321.0,67356.8,7733.742
2024-11-04 21:00:00,67356.8,67633.0,66808.0,67110.3,18287.828
2024-11-04 22:00:00,67110.3,68107.3,67053.4,67918.8,6696.366
2024-11-04 23:00:00,67918.8,68034.4,67618.9,67838.7,3968.346
2024-11-05 00:00:00,67838.7,68191.1,67772.6,68023.9,3480.174
2024-11-05 01:00:00,68023.9,68090.0,67449.5,67986.3,4712.626
2024-11-05 02:00:00,67986.3,68066.6,67820.0,67870.8,2172.764
2024-11-05 03:00:00,67870.8,68279.8,67870.0,68236.3,1842.389
2024-11-05 04:00:00,68236.3,68514.3,68210.8,68311.9,2837.403
2024-11-05 05:00:00,68311.9,68799.8,68295.5,68737.7,3390.491
2024-11-05 06:00:00,68737.7,68812.6,68567.0,68772.1,2466.265
2024-11-05 07:00:00,68772.1,68990.0,68569.3,68900.0,3481.336
2024-11-05 08:00:00,68900.0,69061.8,68777.6,69038.3,3021.977
2024-11-05 09:00:00,69038.3,69112.0,68724.2,68780.0,3302.003
2024-11-05 10:00:00,68780.0,68857.6,68620.0,68771.5,2727.835
2024-11-05 11:00:00,68771.5,68975.0,68763.2,68810.2,2004.714
2024-11-05 12:00:00,68810.2,68950.8,68665.4,68873.0,2705.958
2024-11-05 13:00:00,68873.0,68909.3,68672.6,68816.7,2598.44
2024-11-05 14:00:00,68816.7,70329.6,68764.3,69945.1,23516.882
2024-11-05 15:00:00,69945.1,70059.7,69210.0,69610.2,15111.191
2024-11-05 16:00:00,69610.2,70540.0,69502.4,70160.4,13083.981
2024-11-05 17:00:00,70160.4,70441.8,69850.0,69918.0,6231.635
2024-11-05 18:00:00,69918.0,70238.3,69693.9,70194.9,4862.758
2024-11-05 19:00:00,70194.9,70244.2,68678.0,68978.9,13495.567
2024-11-05 20:00:00,68978.9,69635.3,68810.7,69420.5,10377.486
2024-11-05 21:00:00,69420.5,69589.2,69040.4,69141.2,4376.442
2024-11-05 22:00:00,69141.2,69573.0,68852.6,69565.1,4752.807
2024-11-05 23:00:00,69565.1,69889.4,69248.1,69345.7,6672.703
2024-11-06 00:00:00,69345.7,71439.0,69256.7,71070.0,23493.523
2024-11-06 01:00:00,71070.0,71394.0,70568.7,71103.7,14911.986
2024-11-06 02:00:00,71103.7,73355.7,70914.8,73107.4,29790.635
2024-11-06 03:00:00,73107.4,75389.0,73074.2,74394.9,48852.004
2024-11-06 04:00:00,74394.9,75055.1,73951.4,74296.7,21147.336
2024-11-06 05:00:00,74296.7,74898.0,73615.3,74807.7,16577.991
2024-11-06 06:00:00,74807.7,75499.8,74231.4,74302.1,23654.633
2024-11-06 07:00:00,74302.1,74716.6,73117.6,73440.8,19698.616
2024-11-06 08:00:00,73440.8,73611.2,72729.6,73494.3,17475.194
2024-11-06 09:00:00,73494.3,74148.4,73494.3,73807.2,8339.598
2024-11-06 10:00:00,73807.2,74000.0,73411.0,73868.1,6428.883
2024-11-06 11:00:00,73868.1,74573.6,73690.4,74315.7,8481.636
2024-11-06 12:00:00,74315.7,74816.4,74200.1,74216.2,7874.299
2024-11-06 13:00:00,74216.2,74322.8,73606.7,74020.1,9789.891
2024-11-06 14:00:00,74020.1,74761.6,73500.0,73670.9,19392.185
2024-11-06 15:00:00,73670.9,74526.0,73538.5,74308.1,14208.659
2024-11-06 16:00:00,74308.1,74599.8,74139.9,74339.7,7834.736
2024-11-06 17:00:00,74339.7,74690.0,74091.9,74477.8,6428.469
2024-11-06 18:00:00,74477.8,75254.9,74425.4,75252.0,9032.382
2024-11-06 19:00:00,75252.0,75964.0,75050.0,75830.8,14190.976
2024-11-06 20:00:00,75830.8,76433.6,75521.1,76110.2,14945.166
2024-11-06 21:00:00,76110.2,76195.8,75665.5,75917.1,6708.565
2024-11-06 22:00:00,75917.1,76064.6,75520.1,75652.0,4479.928
2024-11-06 23:00:00,75652.0,75863.4,75570.0,75599.9,2796.883
2024-11-07 00:00:00,75599.9,75671.7,75069.4,75380.3,5440.4
2024-11-07 01:00:00,75380.3,76119.0,75245.7,75424.3,9390.047
2024-11-07 02:00:00,75424.3,75518.7,75166.6,75306.0,3499.234
2024-11-07 03:00:00,75306.0,75431.7,75026.5,75072.1,3722.798
2024-11-07 04:00:00,75072.1,75087.8,74654.5,74774.1,4915.908
2024-11-07 05:00:00,74774.1,74973.1,74724.6,74813.8,3095.957
2024-11-07 06:00:00,74813.8,74889.2,74476.3,74811.9,5217.278
2024-11-07 07:00:00,74811.9,75009.6,74722.9,74801.6,2952.645
2024-11-07 08:00:00,74801.6,75228.9,74701.4,75206.4,4188.187
2024-11-07 09:00:00,75206.4,75206.5,74823.1,74967.4,2330.063
2024-11-07 10:00:00,74967.4,75087.0,74778.5,75069.6,2808.663
2024-11-07 11:00:00,75069.6,75086.0,74736.4,74787.0,2325.28
2024-11-07 12:00:00,74787.0,75164.1,74761.6,75041.0,2416.281
2024-11-07 13:00:00,75041.0,75080.9,74636.3,74707.7,3168.691
2024-11-07 14:00:00,74707.7,75097.7,74522.1,74855.3,6589.818
2024-11-07 15:00:00,74855.3,76119.9,74721.4,76113.9,12517.103
2024-11-07 16:00:00,76113.9,76265.8,75597.1,75936.2,8295.599
2024-11-07 17:00:00,75936.2,76543.5,75771.7,76295.9,8320.799
2024-11-07 18:00:00,76295.9,76770.8,75829.6,76622.7,11938.823
2024-11-07 19:00:00,76622.7,76638.0,75942.7,76564.9,12414.733
2024-11-07 20:00:00,76564.9,76890.0,76300.6,76454.3,8399.034
2024-11-07 21:00:00,76454.3,76607.0,75860.0,75901.6,4270.396
2024-11-07 22:00:00,75901.6,76023.9,75500.0,75881.5,5249.107
2024-11-07 23:00:00,75881.5,76096.9,75702.7,75874.8,3040.775
2024-11-08 00:00:00,75874.8,76397.3,75852.2,76044.5,4193.902
2024-11-08 01:00:00,76044.5,76363.7,75850.8,76019.4,3071.479
2024-11-08 02:00:00,76019.4,76063.1,75671.0,75745.4,2189.941
2024-11-08 03:00:00,75745.4,75935.0,75610.0,75935.0,2309.654
2024-11-08 04:00:00,75935.0,76074.0,75842.6,75869.9,1774.867
2024-11-08 05:00:00,75869.9,76210.4,75843.5,76034.2,2174.494
2024-11-08 06:00:00,76034.2,76065.4,75867.0,75919.9,1128.65
2024-11-08 07:00:00,75919.9,76288.0,75703.0,76213.2,3648.188
2024-11-08 08:00:00,76213.2,76234.3,75803.0,75845.9,2786.381
2024-11-08 09:00:00,75845.9,76135.0,75816.0,75999.5,2092.186
2024-11-08 10:00:00,75999.5,76374.0,75828.7,76275.2,2765.822
2024-11-08 11:00:00,76275.2,76334.7,75956.0,75974.4,2229.867
2024-11-08 12:00:00,75974.4,76219.0,75968.9,76102.6,2287.16
2024-11-08 13:00:00,76102.6,76322.1,75866.3,76306.2,4243.471
2024-11-08 14:00:00,76306.2,76349.9,75649.0,75790.1,7156.273
2024-11-08 15:00:00,75790.1,76659.8,75650.1,76464.7,14025.561
2024-11-08 16:00:00,76464.7,76573.6,75844.2,75943.5,7285.361
2024-11-08 17:00:00,75943.5,76571.2,75836.1,76408.1,6717.608
2024-11-08 18:00:00,76408.1,77120.0,76358.6,76831.9,9740.12
2024-11-08 19:00:00,76831.9,77220.3,76755.2,76938.3,7458.069
2024-11-08 20:00:00,76938.3,77114.2,76421.3,76585.4,7422.487
2024-11-08 21:00:00,76585.4,76711.4,76373.6,76486.3,2808.686
2024-11-08 22:00:00,76486.3,76634.0,76258.0,76375.9,2689.299
2024-11-08 23:00:00,76375.9,76536.8,76304.0,76514.2,1335.485
2024-11-09 00:00:00,76514.2,76656.0,76370.5,76439.7,1932.847
2024-11-09 01:00:00,76439.7,76562.9,76253.2,76322.6,1831.434
2024-11-09 02:00:00,76322.6,76449.6,76150.0,76440.0,1952.504
2024-11-09 03:00:00,76440.0,76460.4,76250.3,76350.1,997.989
2024-11-09 04:00:00,76350.1,76425.0,76311.0,76384.6,633.433
2024-11-09 05:00:00,76384.6,76685.7,76370.7,76571.0,2236.727
2024-11-09 06:00:00,76571.0,76831.0,76416.5,76528.0,3187.178
2024-11-09 07:00:00,76528.0,76555.5,76362.3,76544.9,1818.295
2024-11-09 08:00:00,76544.9,76745.3,76451.2,76561.2,1743.032
2024-11-09 09:00:00,76561.2,76660.7,76520.5,76560.3,1275.387
2024-11-09 10:00:00,76560.3,76640.0,76422.1,76480.9,1253.822
2024-11-09 11:00:00,76480.9,76537.2,76401.0,76508.1,990.802
2024-11-09 12:00:00,76508.1,76558.6,76290.0,76294.8,1974.858
2024-11-09 13:00:00,76294.8,76500.0,76292.2,76433.8,1214.311
2024-11-09 14:00:00,76433.8,76459.2,76265.1,76362.1,1984.32
2024-11-09 15:00:00,76362.1,76416.5,76279.0,76321.3,908.062
2024-11-09 16:00:00,76321.3,76337.9,76041.8,76093.4,3019.348
2024-11-09 17:00:00,76093.4,76262.8,75703.7,76250.1,5901.233
2024-11-09 18:00:00,76250.1,76424.0,76202.2,76377.6,2257.933
2024-11-09 19:00:00,76377.6,76752.4,76121.8,76223.5,4696.548
2024-11-09 20:00:00,76223.5,76377.2,76189.9,76305.0,1150.735
2024-11-09 21:00:00,76305.0,76526.1,76231.6,76462.1,1040.58
2024-11-09 22:00:00,76462.1,76639.8,76362.6,76531.5,1705.148
2024-11-09 23:00:00,76531.5,76950.0,76481.6,76701.7,4830.221
2024-11-10 00:00:00,76701.7,77149.2,76508.2,76898.1,4313.375
2024-11-10 01:00:00,76898.1,76984.0,76692.8,76728.2,2503.296
2024-11-10 02:00:00,76728.2,77542.2,76673.4,77058.1,8786.159
2024-11-10 03:00:00,77058.1,77493.2,77000.6,77242.0,4019.324
2024-11-10 04:00:00,77242.0,79667.0,77167.6,79279.1,22011.191
2024-11-10 05:00:00,79279.1,79899.7,78925.0,79160.1,19747.577
2024-11-10 06:00:00,79160.1,79335.9,78673.4,78968.7,6601.712
2024-11-10 07:00:00,78968.7,79197.5,78760.1,78855.9,4040.21
2024-11-10 08:00:00,78855.9,79196.0,78855.8,79177.3,2951.021
2024-11-10 09:00:00,79177.3,79549.9,79159.8,79425.5,4790.751
2024-11-10 10:00:00,79425.5,79853.7,79325.0,79604.3,5002.752
2024-11-10 11:00:00,79604.3,80196.0,79600.0,79933.5,9772.246
2024-11-10 12:00:00,79933.5,80221.8,79320.5,79716.7,9972.846
2024-11-10 13:00:00,79716.7,79965.1,79602.3,79784.1,3474.358
2024-11-10 14:00:00,79784.1,80048.2,79200.8,79542.8,7525.79
2024-11-10 15:00:00,79542.8,79807.9,79400.8,79730.8,3574.309
2024-11-10 16:00:00,79730.8,79848.7,79524.0,79838.2,2640.17
2024-11-10 17:00:00,79838.2,80863.2,79688.1,80420.4,12163.442
2024-11-10 18:00:00,80420.4,81163.5,80416.8,80616.6,11810.78
2024-11-10 19:00:00,80616.6,80921.1,79357.5,79800.0,14233.35
2024-11-10 20:00:00,79800.0,79968.4,79000.0,79008.0,9071.431
2024-11-10 21:00:00,79008.0,80095.2,78529.9,79935.4,12171.649
2024-11-10 22:00:00,79935.4,81700.0,79853.7,80677.2,17215.939
2024-11-10 23:00:00,80677.2,80773.4,80002.8,80428.5,5523.489
2024-11-11 00:00:00,80428.5,80888.5,80267.8,80640.0,4924.387
2024-11-11 01:00:00,80640.0,81828.5,80423.1,81276.0,8579.95
2024-11-11 02:00:00,81276.0,81604.9,81090.0,81510.7,4350.95
2024-11-11 03:00:00,81510.7,81943.8,81005.0,81680.0,5066.527
2024-11-11 04:00:00,81680.0,81800.0,81211.9,81501.3,3254.126
2024-11-11 05:00:00,81501.3,81637.3,80490.5,80781.6,6442.748
2024-11-11 06:00:00,80781.6,81298.0,80631.8,80948.3,5353.627
2024-11-11 07:00:00,80948.3,81262.9,80792.8,81158.8,3007.566
2024-11-11 08:00:00,81158.8,81435.0,81067.8,81296.4,3186.248
2024-11-11 09:00:00,81296.4,81837.9,81208.1,81754.8,5155.252
2024-11-11 10:00:00,81754.8,82440.9,81720.0,82045.5,11462.124
2024-11-11 11:00:00,82045.5,82294.5,81863.1,82184.7,4385.242
2024-11-11 12:00:00,82184.7,82555.0,81731.8,82199.1,10808.791
2024-11-11 13:00:00,82199.1,82260.0,81463.7,81874.3,9484.396
2024-11-11 14:00:00,81874.3,82740.0,81516.3,82525.6,21226.646
2024-11-11 15:00:00,82525.6,84381.4,82363.6,84099.8,34719.937
2024-11-11 16:00:00,84099.8,84949.9,83852.0,84227.2,22028.241
2024-11-11 17:00:00,84227.2,84916.5,84216.4,84637.0,9149.892
2024-11-11 18:00:00,84637.0,85920.0,84239.9,85899.9,16900.382
2024-11-11 19:00:00,85899.9,87128.3,85471.1,86163.7,25002.737
2024-11-11 20:00:00,86163.7,87433.5,86102.8,86886.5,18711.984
2024-11-11 21:00:00,86886.5,88439.0,86694.5,87959.0,20622.846
2024-11-11 22:00:00,87959.0,88202.4,86459.6,88103.7,18820.882
2024-11-11 23:00:00,88103.7,89828.0,88103.6,88765.4,29234.07
2024-11-12 00:00:00,88765.4,89150.0,86565.6,89076.1,22377.59
2024-11-12 01:00:00,89076.1,89594.2,88444.0,88614.5,13066.395
2024-11-12 02:00:00,88614.5,88953.7,87040.5,87764.2,11914.86
2024-11-12 03:00:00,87764.2,88359.4,87544.5,88157.0,7949.18
2024-11-12 04:00:00,88157.0,89124.0,87800.0,88525.1,8884.622
2024-11-12 05:00:00,88525.1,88904.9,88240.8,88482.4,5591.376
2024-11-12 06:00:00,88482.4,89979.5,88268.1,89653.5,11322.657
2024-11-12 07:00:00,89653.5,90077.0,89060.2,89095.3,11214.223
2024-11-12 08:00:00,89095.3,89500.0,88820.8,89478.9,6439.956
2024-11-12 09:00:00,89478.9,89594.2,87752.8,87757.2,14085.26
2024-11-12 10:00:00,87757.2,88168.0,85458.2,86957.2,35907.23
2024-11-12 11:00:00,86957.2,87982.6,86700.3,87255.9,18855.765
2024-11-12 12:00:00,87255.9,87976.4,86289.0,86439.7,11875.472
2024-11-12 13:00:00,86439.7,86636.9,85150.0,86440.0,20170.262
2024-11-12 14:00:00,86440.0,87177.8,85267.7,87056.4,17726.562
2024-11-12 15:00:00,87056.4,87549.1,86130.9,86658.6,16121.285
2024-11-12 16:00:00,86658.6,87724.6,85784.6,87131.7,16088.913
2024-11-12 17:00:00,87131.7,87991.2,86892.8,87019.0,8658.177
2024-11-12 18:00:00,87019.0,88959.5,86927.2,88855.9,10564.295
2024-11-12 19:00:00,88855.9,89866.4,88673.2,88781.1,12991.219
2024-11-12 20:00:00,88781.1,90000.0,88737.9,89540.9,8666.406
2024-11-12 21:00:00,89540.9,89782.6,88000.0,88292.1,11319.978
2024-11-12 22:00:00,88292.1,88707.5,87621.1,88664.6,6319.761
2024-11-12 23:00:00,88664.6,88664.6,87347.2,87968.0,6623.762
2024-11-13 00:00:00,87968.0,88521.9,87628.6,88095.5,4511.067
2024-11-13 01:00:00,88095.5,88616.3,87742.1,88325.1,5239.523
2024-11-13 02:00:00,88325.1,88400.0,87065.3,87938.4,6958.127
2024-11-13 03:00:00,87938.4,88233.0,87072.4,87185.6,5233.237
2024-11-13 04:00:00,87185.6,87749.8,86235.5,87200.4,10672.998
2024-11-13 05:00:00,87200.4,87494.0,86470.0,86566.0,6798.366
2024-11-13 06:00:00,86566.0,86944.5,86113.6,86486.0,7921.591
2024-11-13 07:00:00,86486.0,87518.1,86453.1,87383.4,5691.806
2024-11-13 08:00:00,87383.4,87747.0,87131.5,87272.5,5927.036
2024-11-13 09:00:00,87272.5,87595.6,87107.5,87444.9,3136.367
2024-11-13 10:00:00,87444.9,87621.9,87200.0,87597.5,3139.031
2024-11-13 11:00:00,87597.5,88174.0,87494.0,87710.2,6660.284
2024-11-13 12:00:00,87710.2,88062.3,87550.0,87674.7,3243.384
2024-11-13 13:00:00,87674.7,89801.0,87575.0,89235.5,19584.513
2024-11-13 14:00:00,89235.5,91924.0,88700.0,91586.6,36678.035
2024-11-13 15:00:00,91586.6,92818.5,90514.9,92625.8,28264.427
2024-11-13 16:00:00,92625.8,93400.0,91533.3,92326.7,23285.501
2024-11-13 17:00:00,92326.7,92913.8,91839.0,92314.7,9544.083
2024-11-13 18:00:00,92314.7,93234.8,92091.3,92877.0,8067.137
2024-11-13 19:00:00,92877.0,92937.1,89965.4,90219.0,28670.974
2024-11-13 20:00:00,90219.0,91243.4,89309.4,89724.8,17661.053
2024-11-13 21:00:00,89724.8,89820.0,87968.8,88538.0,22125.669
2024-11-13 22:00:00,88538.0,89859.9,88347.4,89750.3,5351.313
2024-11-13 23:00:00,89750.3,90577.4,89271.0,90411.2,6896.707
2024-11-14 00:00:00,90411.2,90545.0,89738.9,90170.4,5509.632
2024-11-14 01:00:00,90170.4,90526.4,89520.1,90436.9,6106.327
2024-11-14 02:00:00,90436.9,90646.0,89718.0,90165.1,3581.255
2024-11-14 03:00:00,90165.1,90299.7,89575.0,90001.4,3042.032
2024-11-14 04:00:00,90001.4,90273.9,89301.6,90182.1,3934.836
2024-11-14 05:00:00,90182.1,90182.1,89705.8,90020.0,2389.947
2024-11-14 06:00:00,90020.0,90366.6,89347.1,89351.8,3884.611
2024-11-14 07:00:00,89351.8,90954.5,89162.0,90858.6,7476.236
2024-11-14 08:00:00,90858.6,91529.4,90400.1,90637.0,11100.01
2024-11-14 09:00:00,90637.0,91026.6,90440.0,91012.8,3515.072
2024-11-14 10:00:00,91012.8,91518.0,90892.4,91181.2,5569.902
2024-11-14 11:00:00,91181.2,91755.8,90527.5,91549.9,7184.846
2024-11-14 12:00:00,91549.9,91682.8,91010.4,91300.0,4909.994
2024-11-14 13:00:00,91300.0,91447.3,90625.4,90823.9,5374.805
2024-11-14 14:00:00,90823.9,91889.7,88711.0,88775.0,24114.37
2024-11-14 15:00:00,88775.0,89668.0,87817.8,87956.3,25508.555
2024-11-14 16:00:00,87956.3,89264.3,87514.1,89211.9,16554.127
2024-11-14 17:00:00,89211.9,89399.8,88591.8,89253.0,5611.165
2024-11-14 18:00:00,89253.0,89708.5,88942.3,89133.9,4486.325
2024-11-14 19:00:00,89133.9,89699.4,89121.2,89499.9,3199.259
2024-11-14 20:00:00,89499.9,89499.9,87575.7,87621.2,10945.389
2024-11-14 21:00:00,87621.2,88324.9,87031.2,88247.3,11346.205
2024-11-14 22:00:00,88247.3,88390.0,87062.9,87650.4,8964.132
2024-11-14 23:00:00,87650.4,87794.4,86661.0,87367.3,10879.853
2024-11-15 00:00:00,87367.3,88471.5,87281.5,87908.7,7517.295
2024-11-15 01:00:00,87908.7,88226.2,87405.5,88143.6,5032.336
2024-11-15 02:00:00,88143.6,88485.3,87763.1,88396.4,2310.093
2024-11-15 03:00:00,88396.4,88550.1,88145.0,88242.3,2062.767
2024-11-15 04:00:00,88242.3,88281.7,87083.7,87470.9,5070.908
2024-11-15 05:00:00,87470.9,87898.1,87280.0,87749.4,2927.839
2024-11-15 06:00:00,87749.4,88221.9,87609.0,88210.0,2650.535
2024-11-15 07:00:00,88210.0,88421.0,87640.0,87672.0,3002.904
2024-11-15 08:00:00,87672.0,88200.0,87400.1,88123.3,3975.008
2024-11-15 09:00:00,88123.3,89423.8,88063.2,89227.3,7980.951
2024-11-15 10:00:00,89227.3,89500.0,88974.1,89398.6,3842.497
2024-11-15 11:00:00,89398.6,89806.0,89175.3,89775.3,3982.304
2024-11-15 12:00:00,89775.3,90787.8,89616.8,89800.2,11147.616
2024-11-15 13:00:00,89800.2,90562.0,89240.6,90213.1,8421.86
2024-11-15 14:00:00,90213.1,90260.4,88600.0,89143.0,16547.507
2024-11-15 15:00:00,89143.0,89175.6,87768.1,88450.5,16404.528
2024-11-15 16:00:00,88450.5,89817.9,88391.6,89382.1,10732.88
2024-11-15 17:00:00,89382.1,89980.0,89177.2,89503.1,5989.775
2024-11-15 18:00:00,89503.1,89837.2,89222.1,89389.5,3667.994
2024-11-15 19:00:00,89389.5,90899.9,89263.4,90416.4,10155.03
2024-11-15 20:00:00,90416.4,91526.3,90368.2,91492.8,9505.346
2024-11-15 21:00:00,91492.8,91948.0,91120.0,91751.6,7068.794
2024-11-15 22:00:00,91751.6,91932.9,91000.0,91285.8,4573.854
2024-11-15 23:00:00,91285.8,91539.7,90955.9,91125.2,3273.972
2024-11-16 00:00:00,91125.2,91416.8,90935.5,91088.2,3423.562
2024-11-16 01:00:00,91088.2,91521.7,91019.9,91306.7,2371.334
2024-11-16 02:00:00,91306.7,91796.9,91213.4,91491.7,2555.675
2024-11-16 03:00:00,91491.7,91677.6,91075.0,91321.3,2158.413
2024-11-16 04:00:00,91321.3,91477.2,91123.0,91363.9,1144.131
2024-11-16 05:00:00,91363.9,91856.3,91230.3,91413.9,2000.85
2024-11-16 06:00:00,91413.9,91527.7,91233.4,91277.5,1586.832
2024-11-16 07:00:00,91277.5,91484.9,91170.0,91220.5,1629.288
2024-11-16 08:00:00,91220.5,91500.0,91100.0,91488.2,1653.997
2024-11-16 09:00:00,91488.2,91541.6,91287.0,91313.0,1180.881
2024-11-16 10:00:00,91313.0,91683.6,91284.4,91465.0,1564.183
2024-11-16 11:00:00,91465.0,91488.1,91070.0,91246.5,2908.338
2024-11-16 12:00:00,91246.5,91390.0,90551.9,90959.9,6143.222
2024-11-16 13:00:00,90959.9,91268.8,90742.3,90829.6,2900.779
2024-11-16 14:00:00,90829.6,91138.0,90668.0,91041.5,2093.54
2024-11-16 15:00:00,91041.5,91090.0,90125.0,90582.2,5634.167
2024-11-16 16:00:00,90582.2,90913.5,90268.2,90677.1,3457.381
2024-11-16 17:00:00,90677.1,91094.9,90572.1,90994.8,2161.524
2024-11-16 18:00:00,90994.8,91491.9,90908.5,91379.9,2852.59
2024-11-16 19:00:00,91379.9,91429.9,91032.0,91207.8,1685.602
2024-11-16 20:00:00,91207.8,91266.0,90737.8,90821.5,3274.493
2024-11-16 21:00:00,90821.5,91144.8,90764.3,91075.6,1426.84
2024-11-16 22:00:00,91075.6,91078.3,90268.6,90383.9,2556.308
2024-11-16 23:00:00,90383.9,90715.0,90356.4,90625.4,2367.211
2024-11-17 00:00:00,90625.4,90955.0,90625.4,90885.3,1586.059
2024-11-17 01:00:00,90885.3,90950.0,90031.1,90315.9,4544.708
2024-11-17 02:00:00,90315.9,90333.0,89418.6,90081.0,7536.479
2024-11-17 03:00:00,90081.0,90319.7,89821.0,90314.1,2802.986
2024-11-17 04:00:00,90314.1,90764.2,90214.8,90644.1,3373.72
2024-11-17 05:00:00,90644.1,90968.7,90465.3,90541.4,3058.136
2024-11-17 06:00:00,90541.4,90886.3,90450.0,90730.4,1287.299
2024-11-17 07:00:00,90730.4,90750.0,90431.9,90629.9,1610.006
2024-11-17 08:00:00,90629.9,91153.8,90555.4,91083.7,2768.647
2024-11-17 09:00:00,91083.7,91601.8,91056.0,91410.4,4007.104
2024-11-17 10:00:00,91410.4,91446.3,90896.7,91166.3,2261.881
2024-11-17 11:00:00,91166.3,91187.8,90548.9,90771.5,4833.675
2024-11-17 12:00:00,90771.5,91275.2,90715.1,91158.2,2645.788
2024-11-17 13:00:00,91158.2,91182.4,90350.9,90573.4,4046.451
2024-11-17 14:00:00,90573.4,90848.0,90000.0,90383.4,4371.692
2024-11-17 15:00:00,90383.4,90648.0,90171.6,90328.2,2193.06
2024-11-17 16:00:00,90328.2,90624.9,90135.4,90545.4,1650.226
2024-11-17 17:00:00,90545.4,90799.0,90186.5,90674.2,2435.769
2024-11-17 18:00:00,90674.2,90725.2,89873.2,90012.7,3517.995
2024-11-17 19:00:00,90012.7,90228.9,89758.6,90130.6,2946.09
2024-11-17 20:00:00,90130.6,90311.0,89566.3,89724.4,4136.884
2024-11-17 21:00:00,89724.4,89845.0,88954.1,89188.7,6177.694
2024-11-17 22:00:00,89188.7,89795.2,88735.7,89609.1,5867.578
2024-11-17 23:00:00,89609.1,89941.7,89387.0,89900.0,3611.04
2024-11-18 00:00:00,89900.0,90168.0,89667.2,90000.3,3688.786
2024-11-18 01:00:00,90000.3,91091.4,89941.0,90838.0,4790.366
2024-11-18 02:00:00,90838.0,90929.8,90467.2,90582.7,2007.76
2024-11-18 03:00:00,90582.7,90769.9,90372.0,90755.5,1735.117
2024-11-18 04:00:00,90755.5,90792.2,90517.0,90518.2,829.167
2024-11-18 05:00:00,90518.2,90922.5,90518.2,90704.6,1267.543
2024-11-18 06:00:00,90704.6,92249.9,90704.6,92218.8,7656.218
2024-11-18 07:00:00,92218.8,92444.0,91520.7,91800.0,7088.769
2024-11-18 08:00:00,91800.0,92267.0,91633.7,91901.7,3525.656
2024-11-18 09:00:00,91901.7,92333.0,91743.0,91825.0,3118.816
2024-11-18 10:00:00,91825.0,92124.8,91755.9,91870.6,3130.779
2024-11-18 11:00:00,91870.6,91988.0,90092.0,90339.9,14345.946
2024-11-18 12:00:00,90339.9,90828.3,90153.5,90583.2,6614.136
2024-11-18 13:00:00,90583.2,90658.5,89424.0,89553.8,12763.236
2024-11-18 14:00:00,89553.8,91189.2,89480.7,90372.1,15562.926
2024-11-18 15:00:00,90372.1,92757.6,90309.5,92444.7,17407.754
2024-11-18 16:00:00,92444.7,92746.2,91173.5,91503.3,12486.925
2024-11-18 17:00:00,91503.3,92352.4,90966.0,91661.5,11626.912
2024-11-18 18:00:00,91661.5,91768.0,90120.6,90426.4,7758.633
2024-11-18 19:00:00,90426.4,90728.8,89721.0,90672.3,9243.309
2024-11-18 20:00:00,90672.3,91998.0,90467.3,91540.1,12421.888
2024-11-18 21:00:00,91540.1,92044.1,91219.0,91363.2,6270.027
2024-11-18 22:00:00,91363.2,91533.3,91000.0,91230.2,2148.968
2024-11-18 23:00:00,91230.2,91307.9,90303.7,90535.0,5012.343
2024-11-19 00:00:00,90535.0,91292.3,90435.9,91115.8,3683.971
2024-11-19 01:00:00,91115.8,91329.6,90670.7,90790.0,2403.175
2024-11-19 02:00:00,90790.0,91368.0,90778.2,91326.3,2224.833
2024-11-19 03:00:00,91326.3,91649.4,91235.0,91514.9,1872.96
2024-11-19 04:00:00,91514.9,91888.0,91322.7,91604.3,2820.304
2024-11-19 05:00:00,91604.3,91989.9,91282.3,91965.6,2666.894
2024-11-19 06:00:00,91965.6,92073.8,91672.5,92037.3,2824.56
2024-11-19 07:00:00,92037.3,92117.1,91655.7,91690.5,2482.774
2024-11-19 08:00:00,91690.5,91880.0,91477.7,91872.9,3057.865
2024-11-19 09:00:00,91872.9,92050.0,91242.0,91776.1,5477.034
2024-11-19 10:00:00,91776.1,92034.1,91522.4,91845.3,2640.286
2024-11-19 11:00:00,91845.3,91939.0,91585.9,91719.0,1818.558
2024-11-19 12:00:00,91719.0,92636.0,91719.0,92540.3,8276.05
2024-11-19 13:00:00,92540.3,92877.0,91074.9,91178.4,14222.87
2024-11-19 14:00:00,91178.4,92385.4,91020.0,91884.5,16258.994
2024-11-19 15:00:00,91884.5,92500.0,91544.4,92453.3,8925.86
2024-11-19 16:00:00,92453.3,92699.9,92147.0,92614.2,5034.386
2024-11-19 17:00:00,92614.2,93373.1,92358.2,92925.2,10881.476
2024-11-19 18:00:00,92925.2,93933.5,92781.0,93698.4,16593.932
2024-11-19 19:00:00,93698.4,93980.0,93064.1,93280.5,10821.531
2024-11-19 20:00:00,93280.5,93643.0,92133.3,92466.6,11700.056
2024-11-19 21:00:00,92466.6,92793.8,91800.0,92239.2,11818.776
2024-11-19 22:00:00,92239.2,92480.0,91228.0,91853.7,6746.238
2024-11-19 23:00:00,91853.7,92341.4,91614.0,92341.4,3981.934
2024-11-20 00:00:00,92341.4,92460.7,92012.8,92066.9,2935.388
2024-11-20 01:00:00,92066.9,92294.1,91750.0,92015.1,2818.803
2024-11-20 02:00:00,92015.1,92082.9,91618.8,91798.7,2773.4
2024-11-20 03:00:00,91798.7,92124.9,91511.0,92092.2,3485.763
2024-11-20 04:00:00,92092.2,92322.2,91901.1,92159.9,1680.325
2024-11-20 05:00:00,92159.9,92592.0,92004.4,92575.5,2643.025
2024-11-20 06:00:00,92575.5,92716.0,92425.0,92453.1,2442.213
2024-11-20 07:00:00,92453.1,92916.5,92366.3,92903.5,2546.95
2024-11-20 08:00:00,92903.5,93420.6,92764.5,93260.4,4590.717
2024-11-20 09:00:00,93260.4,93733.6,92995.8,93130.3,6028.704
2024-11-20 10:00:00,93130.3,93588.2,93057.3,93338.3,3071.594
2024-11-20 11:00:00,93338.3,93700.0,92860.9,93527.6,5454.475
2024-11-20 12:00:00,93527.6,93817.0,93367.4,93593.0,6007.669
2024-11-20 13:00:00,93593.0,94677.3,93593.0,94435.7,13993.624
2024-11-20 14:00:00,94435.7,94818.5,93863.7,94669.0,13260.285
2024-11-20 15:00:00,94669.0,94898.9,94075.8,94776.2,9417.421
2024-11-20 16:00:00,94776.2,94881.5,93333.0,94100.0,13379.203
2024-11-20 17:00:00,94100.0,94388.3,93606.8,93921.0,6303.465
2024-11-20 18:00:00,93921.0,94297.2,93100.0,93705.9,9614.206
2024-11-20 19:00:00,93705.9,94031.2,93247.1,94031.1,4425.223
2024-11-20 20:00:00,94031.1,94650.0,93840.0,94279.7,5920.056
2024-11-20 21:00:00,94279.7,94527.5,93907.6,94368.1,3548.941
2024-11-20 22:00:00,94368.1,94531.8,93951.9,94170.7,2469.687
2024-11-20 23:00:00,94170.7,94319.7,93781.2,94315.3,2365.323
2024-11-21 00:00:00,94315.3,94978.8,94218.6,94764.0,5869.963
2024-11-21 01:00:00,94764.0,95000.0,94616.1,94734.5,4690.066
2024-11-21 02:00:00,94734.5,94797.4,94032.0,94410.5,5860.34
2024-11-21 03:00:00,94410.5,96100.0,94396.2,95859.7,15528.343
2024-11-21 04:00:00,95859.7,97872.3,95859.6,97665.2,20933.668
2024-11-21 05:00:00,97665.2,97969.1,96727.7,97376.4,14176.808
2024-11-21 06:00:00,97376.4,97469.0,96848.5,97065.2,5643.613
2024-11-21 07:00:00,97065.2,97477.9,96973.8,96980.0,3816.13
2024-11-21 08:00:00,96980.0,97231.5,96779.3,97169.7,3885.617
2024-11-21 09:00:00,97169.7,97790.0,97080.0,97673.0,5453.618
2024-11-21 10:00:00,97673.0,97827.6,97320.0,97788.3,3686.463
2024-11-21 11:00:00,97788.3,98450.0,97760.2,98034.8,11717.807
2024-11-21 12:00:00,98034.8,98330.1,97337.3,97362.1,9757.301
2024-11-21 13:00:00,97362.1,97829.3,97111.7,97600.1,7238.05
2024-11-21 14:00:00,97600.1,97766.6,96550.0,97110.9,11947.438
2024-11-21 15:00:00,97110.9,97210.0,95666.1,96739.1,18308.253
2024-11-21 16:00:00,96739.1,97472.3,96350.2,97215.2,7412.124
2024-11-21 17:00:00,97215.2,98159.9,96972.3,98146.5,5312.735
2024-11-21 18:00:00,98146.5,98600.0,97720.6,98330.0,8700.295
2024-11-21 19:00:00,98330.0,99111.0,97805.3,97922.2,13256.114
2024-11-21 20:00:00,97922.2,98764.0,97614.4,98174.4,8656.408
2024-11-21 21:00:00,98174.4,98250.0,97533.3,98016.9,7693.647
2024-11-21 22:00:00,98016.9,98550.0,97893.2,98415.9,2669.422
2024-11-21 23:00:00,98415.9,98814.4,98361.6,98382.9,3152.074
2024-11-22 00:00:00,98382.9,98589.7,97910.0,98062.8,3495.531
2024-11-22 01:00:00,98062.8,98432.4,97824.5,98128.8,3515.172
2024-11-22 02:00:00,98128.8,98878.5,98083.0,98689.2,4083.794
2024-11-22 03:00:00,98689.2,99428.6,98468.3,98916.2,7217.31
2024-11-22 04:00:00,98916.2,99197.0,98750.0,98879.9,3431.888
2024-11-22 05:00:00,98879.9,99089.9,98565.1,98850.5,2420.255
2024-11-22 06:00:00,98850.5,99125.8,98700.1,99097.6,2421.075
2024-11-22 07:00:00,99097.6,99572.0,98955.9,99261.5,6627.921
2024-11-22 08:00:00,99261.5,99407.0,98829.7,98911.3,3734.929
2024-11-22 09:00:00,98911.3,98946.2,98460.1,98800.1,4252.033
2024-11-22 10:00:00,98800.1,98873.1,98343.6,98473.0,3863.037
2024-11-22 11:00:00,98473.0,99017.8,98305.4,98955.0,3262.444
2024-11-22 12:00:00,98955.0,99037.6,98572.7,98717.8,4435.754
2024-11-22 13:00:00,98717.8,98717.9,97400.0,97820.1,16139.964
2024-11-22 14:00:00,97820.1,98230.3,97210.0,97373.4,10719.429
2024-11-22 15:00:00,97373.4,98843.0,97233.2,98715.2,9499.475
2024-11-22 16:00:00,98715.2,99078.2,98275.2,98921.4,7190.043
2024-11-22 17:00:00,98921.4,99388.7,98807.6,98854.2,8498.809
2024-11-22 18:00:00,98854.2,99230.7,98705.6,99166.9,4751.857
2024-11-22 19:00:00,99166.9,99690.0,98868.2,99144.5,8953.258
2024-11-22 20:00:00,99144.5,99535.6,98977.6,99230.9,5659.327
2024-11-22 21:00:00,99230.9,99358.9,98742.1,99341.2,4929.405
2024-11-22 22:00:00,99341.2,99426.9,98536.3,98676.7,2946.346
2024-11-22 23:00:00,98676.7,98961.6,98676.7,98947.0,1292.079
2024-11-23 00:00:00,98947.0,98970.9,98596.6,98693.0,1909.826
2024-11-23 01:00:00,98693.0,98718.0,98342.9,98639.5,2469.364
2024-11-23 02:00:00,98639.5,98663.8,98334.9,98548.9,1789.74
2024-11-23 03:00:00,98548.9,98866.9,98460.1,98729.4,1416.932
2024-11-23 04:00:00,98729.4,98770.0,98325.0,98640.5,2364.147
2024-11-23 05:00:00,98640.5,98831.7,98474.7,98813.7,1534.787
2024-11-23 06:00:00,98813.7,98874.6,98665.5,98786.0,939.371
2024-11-23 07:00:00,98786.0,98801.3,98480.1,98631.2,1175.094
2024-11-23 08:00:00,98631.2,98735.4,98438.0,98523.9,1510.683
2024-11-23 09:00:00,98523.9,98622.8,98434.1,98525.6,891.921
2024-11-23 10:00:00,98525.6,98650.0,98390.0,98484.4,1626.873
2024-11-23 11:00:00,98484.4,98585.2,98436.3,98479.3,910.567
2024-11-23 12:00:00,98479.3,98698.9,98463.3,98688.7,1326.151
2024-11-23 13:00:00,98688.7,98935.0,98608.0,98616.0,2009.277
2024-11-23 14:00:00,98616.0,98873.3,98530.6,98828.0,2063.446
2024-11-23 15:00:00,98828.0,98873.0,98417.9,98440.1,2671.534
2024-11-23 16:00:00,98440.1,98527.0,97607.9,97790.0,10235.413
2024-11-23 17:00:00,97790.0,98146.0,97380.0,97980.1,6087.545
2024-11-23 18:00:00,97980.1,98076.9,97673.7,97931.8,2233.705
2024-11-23 19:00:00,97931.8,97931.8,97400.1,97581.2,2343.113
2024-11-23 20:00:00,97581.2,97809.1,97185.9,97791.6,4426.967
2024-11-23 21:00:00,97791.6,98128.9,97585.9,98048.7,2596.584
2024-11-23 22:00:00,98048.7,98115.1,97500.1,97719.3,1928.304
2024-11-23 23:00:00,97719.3,97822.1,97412.9,97740.2,1541.328
2024-11-24 00:00:00,97740.2,98087.9,97697.3,97989.6,1735.157
2024-11-24 01:00:00,97989.6,98487.3,97989.6,98270.7,2199.336
2024-11-24 02:00:00,98270.7,98653.3,98270.7,98480.3,1874.288
2024-11-24 03:00:00,98480.3,98525.9,98165.0,98275.0,1337.262
2024-11-24 04:00:00,98275.0,98338.9,97956.0,98249.6,1364.899
2024-11-24 05:00:00,98249.6,98373.1,97979.9,98360.5,1655.354
2024-11-24 06:00:00,98360.5,98499.9,98110.7,98436.9,1170.496
2024-11-24 07:00:00,98436.9,98487.2,98237.5,98475.0,937.052
2024-11-24 08:00:00,98475.0,98500.0,98004.1,98137.1,1805.854
2024-11-24 09:00:00,98137.1,98285.4,97877.1,98018.4,1763.843
2024-11-24 10:00:00,98018.4,98050.0,97504.4,97750.1,2473.719
2024-11-24 11:00:00,97750.1,97823.9,97293.6,97340.1,4095.857
2024-11-24 12:00:00,97340.1,97483.7,96473.1,96986.1,9759.762
2024-11-24 13:00:00,96986.1,97710.0,96821.4,97307.8,5890.872
2024-11-24 14:00:00,97307.8,97315.0,96638.2,97123.6,6875.008
2024-11-24 15:00:00,97123.6,97173.9,95979.9,95981.2,8885.415
2024-11-24 16:00:00,95981.2,96873.4,95800.3,96499.9,7527.004
2024-11-24 17:00:00,96499.9,96516.0,95808.5,95965.3,6010.82
2024-11-24 18:00:00,95965.3,96634.6,95895.7,96600.0,3510.028
2024-11-24 19:00:00,96600.0,96600.0,96191.3,96408.9,1843.797
2024-11-24 20:00:00,96408.9,96918.0,96268.7,96897.3,2293.507
2024-11-24 21:00:00,96897.3,97058.8,96652.4,97033.5,1486.155
2024-11-24 22:00:00,97033.5,98113.1,97033.5,98110.7,6320.219
2024-11-24 23:00:00,98110.7,98473.7,97636.3,98027.7,7360.397
2024-11-25 00:00:00,98027.7,98199.5,97661.9,97840.6,4957.141
2024-11-25 01:00:00,97840.6,97978.4,96938.6,97297.8,5329.098
2024-11-25 02:00:00,97297.8,97830.0,97285.2,97456.5,2050.521
2024-11-25 03:00:00,97456.5,97974.5,97407.1,97964.6,1819.174
2024-11-25 04:00:00,97964.6,98135.4,97621.6,97879.2,2423.776
2024-11-25 05:00:00,97879.2,98328.6,97852.9,98150.9,2522.813
2024-11-25 06:00:00,98150.9,98467.9,98110.9,98155.7,2580.162
2024-11-25 07:00:00,98155.7,98358.1,97811.9,98129.0,2604.64
2024-11-25 08:00:00,98129.0,98383.8,97935.7,98299.9,2231.563
2024-11-25 09:00:00,98299.9,98979.9,98285.6,98583.3,5946.478
2024-11-25 10:00:00,98583.3,98789.5,98285.7,98411.6,3131.653
2024-11-25 11:00:00,98411.6,98681.6,98108.5,98264.1,3320.459
2024-11-25 12:00:00,98264.1,98406.8,97925.0,97976.8,3758.417
2024-11-25 13:00:00,97976.8,98017.0,97303.0,97545.3,10216.48
2024-11-25 14:00:00,97545.3,97729.8,95400.0,95470.8,17137.98
2024-11-25 15:00:00,95470.8,96582.4,94650.0,96053.8,27016.998
2024-11-25 16:00:00,96053.8,96578.4,95740.1,95983.7,7512.227
2024-11-25 17:00:00,95983.7,95988.0,94900.1,95312.9,9630.959
2024-11-25 18:00:00,95312.9,96002.0,94907.4,95216.5,6642.478
2024-11-25 19:00:00,95216.5,95357.0,94400.0,94721.9,9475.569
2024-11-25 20:00:00,94721.9,95379.4,94551.0,95046.8,6026.497
2024-11-25 21:00:00,95046.8,95249.3,93612.0,93827.8,11469.984
2024-11-25 22:00:00,93827.8,94460.7,92620.0,94438.4,16632.101
2024-11-25 23:00:00,94438.4,94438.4,92813.1,93004.1,13230.728
2024-11-26 00:00:00,93004.1,94387.9,92731.2,93855.3,8613.374
2024-11-26 01:00:00,93855.3,94917.4,93836.1,94911.8,4780.179
2024-11-26 02:00:00,94911.8,94975.0,94471.1,94641.0,2403.362
2024-11-26 03:00:00,94641.0,94780.0,94260.5,94538.2,2865.581
2024-11-26 04:00:00,94538.2,94607.0,94135.0,94351.2,2175.477
2024-11-26 05:00:00,94351.2,94749.9,94248.4,94710.9,1396.756
2024-11-26 06:00:00,94710.9,95063.1,94494.8,94552.8,2546.147
2024-11-26 07:00:00,94552.8,94586.6,93550.0,93828.0,6392.099
2024-11-26 08:00:00,93828.0,93828.0,92345.0,93183.3,14562.903
2024-11-26 09:00:00,93183.3,93794.9,93109.5,93575.2,6960.816
2024-11-26 10:00:00,93575.2,93811.1,92313.4,92383.5,6461.771
2024-11-26 11:00:00,92383.5,92749.8,91500.2,92400.1,14786.071
2024-11-26 12:00:00,92400.1,92718.8,91850.0,92211.8,6433.885
2024-11-26 13:00:00,92211.8,92979.5,91971.4,92223.9,5666.54
2024-11-26 14:00:00,92223.9,93592.1,91783.9,93321.6,10829.821
2024-11-26 15:00:00,93321.6,93624.0,92340.2,92853.7,10544.594
2024-11-26 16:00:00,92853.7,94749.9,92733.3,94093.9,12550.294
2024-11-26 17:00:00,94093.9,94127.0,93491.8,93622.5,5545.178
2024-11-26 18:00:00,93622.5,93707.7,92042.8,92150.0,12067.346
2024-11-26 19:00:00,92150.0,92735.9,91616.0,91737.9,6861.243
2024-11-26 20:00:00,91737.9,92099.0,90835.5,91124.2,15222.17
2024-11-26 21:00:00,91124.2,92009.8,90918.6,91762.9,6818.442
2024-11-26 22:00:00,91762.9,92442.3,91601.0,91893.4,4350.17
2024-11-26 23:00:00,91893.4,92133.3,91649.3,92025.6,2880.72
2024-11-27 00:00:00,92025.6,92500.0,91857.6,92008.9,4448.266
2024-11-27 01:00:00,92008.9,92916.4,91888.0,92837.7,4531.306
2024-11-27 02:00:00,92837.7,93149.9,92343.8,93019.5,5468.475
2024-11-27 03:00:00,93019.5,93030.0,92577.0,92658.1,2672.542
2024-11-27 04:00:00,92658.1,93284.0,92561.1,92637.9,3757.894
2024-11-27 05:00:00,92637.9,92889.5,92419.9,92831.5,1917.937
2024-11-27 06:00:00,92831.5,93469.0,92831.5,93122.4,3188.977
2024-11-27 07:00:00,93122.4,93718.2,93080.8,93655.7,2639.515
2024-11-27 08:00:00,93655.7,93666.6,93303.0,93505.1,2363.896
2024-11-27 09:00:00,93505.1,93556.5,93163.9,93465.0,2099.752
2024-11-27 10:00:00,93465.0,93967.9,93410.0,93872.2,3047.218
2024-11-27 11:00:00,93872.2,93882.1,93370.0,93431.3,2509.448
2024-11-27 12:00:00,93431.3,93567.0,92889.0,93562.6,4726.512
2024-11-27 13:00:00,93562.6,94345.9,93468.3,94345.9,5805.539
2024-11-27 14:00:00,94345.9,94990.0,94168.3,94932.9,12079.451
2024-11-27 15:00:00,94932.9,95950.0,94386.3,95653.5,13310.867
2024-11-27 16:00:00,95653.5,96432.1,95286.8,95755.9,10077.996
2024-11-27 17:00:00,95755.9,96395.5,95395.0,96321.5,5875.796
2024-11-27 18:00:00,96321.5,96684.1,96085.4,96196.6,5153.04
2024-11-27 19:00:00,96196.6,96714.0,95980.3,96708.3,3181.201
2024-11-27 20:00:00,96708.3,97276.0,96355.7,96558.2,8843.718
2024-11-27 21:00:00,96558.2,96668.8,96100.8,96332.1,4290.427
2024-11-27 22:00:00,96332.1,96575.1,96081.2,96115.2,3143.743
2024-11-27 23:00:00,96115.2,96246.1,95810.9,95908.7,3318.165
2024-11-28 00:00:00,95908.7,96648.0,95777.1,96625.0,4172.557
2024-11-28 01:00:00,96625.0,96630.6,96138.5,96342.3,2707.407
2024-11-28 02:00:00,96342.3,96537.9,95686.1,95777.3,2783.616
2024-11-28 03:00:00,95777.3,95867.7,94840.6,95544.9,8715.242
2024-11-28 04:00:00,95544.9,95900.0,95380.3,95806.0,3320.436
2024-11-28 05:00:00,95806.0,95978.8,95385.3,95500.1,3384.14
2024-11-28 06:00:00,95500.1,95772.4,95110.8,95536.0,3657.137
2024-11-28 07:00:00,95536.0,95839.2,95281.8,95373.3,2746.05
2024-11-28 08:00:00,95373.3,95688.0,95159.0,95526.2,2536.449
2024-11-28 09:00:00,95526.2,95593.7,94992.4,95029.9,2487.379
2024-11-28 10:00:00,95029.9,95228.2,94707.0,95030.0,6077.484
2024-11-28 11:00:00,95030.0,95875.0,94822.6,95524.0,4921.981
2024-11-28 12:00:00,95524.0,95750.0,95255.3,95545.0,3293.403
2024-11-28 13:00:00,95545.0,95850.0,95082.1,95772.0,4032.19
2024-11-28 14:00:00,95772.0,96300.0,95405.9,95450.1,5589.87
2024-11-28 15:00:00,95450.1,95584.9,94950.1,95070.5,4482.402
2024-11-28 16:00:00,95070.5,95397.6,94854.9,95038.2,3022.902
2024-11-28 17:00:00,95038.2,95345.0,94904.6,94955.9,2143.075
2024-11-28 18:00:00,94955.9,95424.8,94929.8,95383.5,1502.024
2024-11-28 19:00:00,95383.5,95529.0,95105.8,95205.0,1332.111
2024-11-28 20:00:00,95205.0,95224.5,94770.4,94888.1,1855.386
2024-11-28 21:00:00,94888.1,95294.6,94875.3,95212.5,1905.073
2024-11-28 22:00:00,95212.5,95728.4,95100.0,95710.0,2641.338
2024-11-28 23:00:00,95710.0,96097.6,95586.4,95702.8,3158.756
2024-11-29 00:00:00,95702.8,95904.2,95420.3,95540.6,2036.641
2024-11-29 01:00:00,95540.6,96050.1,95486.5,95987.4,1717.58
2024-11-29 02:00:00,95987.4,96951.9,95977.5,96817.7,5629.397
2024-11-29 03:00:00,96817.7,96883.5,96491.0,96658.2,1986.067
2024-11-29 04:00:00,96658.2,96699.9,96299.6,96335.5,2670.118
2024-11-29 05:00:00,96335.5,96604.7,96186.6,96224.0,1935.637
2024-11-29 06:00:00,96224.0,96449.2,96057.2,96342.2,2176.906
2024-11-29 07:00:00,96342.2,96504.6,95669.8,95702.4,3496.148
2024-11-29 08:00:00,95702.4,96088.7,95700.1,96064.1,2298.146
2024-11-29 09:00:00,96064.1,96560.1,95932.5,96448.1,2993.796
2024-11-29 10:00:00,96448.1,96949.0,96383.0,96945.7,3698.64
2024-11-29 11:00:00,96945.7,97478.6,96615.8,97327.3,5231.131
2024-11-29 12:00:00,97327.3,97586.0,96932.5,97006.0,5207.367
2024-11-29 13:00:00,97006.0,97335.0,96833.2,97289.9,3139.22
2024-11-29 14:00:00,97289.9,98153.9,96972.0,98091.2,7419.923
2024-11-29 15:00:00,98091.2,98735.3,97764.2,98084.0,13102.241
2024-11-29 16:00:00,98084.0,98550.0,97778.5,97886.2,8372.914
2024-11-29 17:00:00,97886.2,97919.7,97021.7,97029.2,7370.041
2024-11-29 18:00:00,97029.2,97436.2,96910.5,97245.0,2997.532
2024-11-29 19:00:00,97245.0,97512.5,96921.4,97407.1,3285.662
2024-11-29 20:00:00,97407.1,97712.8,97254.0,97368.8,1969.771
2024-11-29 21:00:00,97368.8,97500.0,97040.8,97447.9,1559.215
2024-11-29 22:00:00,97447.9,97552.7,97280.2,97352.4,1182.88
2024-11-29 23:00:00,97352.4,97568.8,97157.1,97526.7,1069.677
2024-11-30 00:00:00,97526.7,97539.8,97031.2,97053.3,2153.113
2024-11-30 01:00:00,97053.3,97054.5,96515.0,96519.9,4090.067
2024-11-30 02:00:00,96519.9,96799.3,96429.6,96693.9,2925.38
2024-11-30 03:00:00,96693.9,96785.5,96480.0,96725.7,1314.25
2024-11-30 04:00:00,96725.7,96816.1,96589.2,96750.0,1200.571
2024-11-30 05:00:00,96750.0,97252.9,96745.1,97162.8,2007.86
2024-11-30 06:00:00,97162.8,97324.1,96659.8,96707.1,4318.537
2024-11-30 07:00:00,96707.1,97007.4,96619.4,96866.0,1103.444
2024-11-30 08:00:00,96866.0,97051.4,96772.1,97031.4,1113.068
2024-11-30 09:00:00,97031.4,97031.5,96672.2,96851.9,1419.399
2024-11-30 10:00:00,96851.9,96886.1,96166.2,96201.6,3954.528
2024-11-30 11:00:00,96201.6,96517.7,96151.0,96334.8,2378.017
2024-11-30 12:00:00,96334.8,96634.6,96310.0,96619.2,1248.387
2024-11-30 13:00:00,96619.2,96746.0,96455.8,96466.1,1679.686
2024-11-30 14:00:00,96466.1,96789.3,96340.0,96516.8,1692.957
2024-11-30 15:00:00,96516.8,96800.0,96450.1,96704.6,883.981
2024-11-30 16:00:00,96704.6,97031.2,96574.5,96934.1,1624.493
2024-11-30 17:00:00,96934.1,97036.5,96827.7,96845.4,942.539
2024-11-30 18:00:00,96845.4,97084.1,96823.6,97034.9,967.813
2024-11-30 19:00:00,97034.9,97129.9,96929.9,97061.1,732.466
2024-11-30 20:00:00,97061.1,97108.7,96854.4,97035.6,694.426
2024-11-30 21:00:00,97035.6,97047.9,96829.5,96851.1,743.203
2024-11-30 22:00:00,96851.1,96889.4,96396.9,96531.9,1770.702
2024-11-30 23:00:00,96531.9,96654.6,96381.9,96484.0,1161.239
2024-12-01 00:00:00,96484.0,96749.5,96313.0,96400.2,2366.751
2024-12-01 01:00:00,96400.2,96591.2,96108.9,96169.3,2867.937
2024-12-01 02:00:00,96169.3,96517.3,95750.0,95846.8,7296.172
2024-12-01 03:00:00,95846.8,96523.5,95829.0,96402.5,2616.475
2024-12-01 04:00:00,96402.5,96620.6,96263.3,96591.9,1335.071
2024-12-01 05:00:00,96591.9,96604.0,96365.6,96405.4,2009.351
2024-12-01 06:00:00,96405.4,96583.3,96380.0,96408.1,779.855
2024-12-01 07:00:00,96408.1,96581.0,96378.1,96539.8,673.327
2024-12-01 08:00:00,96539.8,97290.0,96493.3,97124.0,5371.569
2024-12-01 09:00:00,97124.0,97189.3,96922.8,97108.0,1285.49
2024-12-01 10:00:00,97108.0,97120.0,96603.9,96886.4,1745.876
2024-12-01 11:00:00,96886.4,97205.0,96886.3,97177.1,1631.092
2024-12-01 12:00:00,97177.1,97189.0,96840.0,96840.0,1528.755
2024-12-01 13:00:00,96840.0,97473.0,96733.0,97140.9,3680.131
2024-12-01 14:00:00,97140.9,97416.9,97026.4,97353.6,2107.673
2024-12-01 15:00:00,97353.6,97382.8,97019.3,97094.6,1852.864
2024-12-01 16:00:00,97094.6,97426.6,97054.6,97270.0,1805.959
2024-12-01 17:00:00,97270.0,97387.5,97100.0,97387.5,992.019
2024-12-01 18:00:00,97387.5,97600.0,97122.1,97173.5,2633.262
2024-12-01 19:00:00,97173.5,97369.2,97010.0,97224.2,1942.629
2024-12-01 20:00:00,97224.2,97257.1,96823.7,97157.1,2631.979
2024-12-01 21:00:00,97157.1,97879.2,97097.6,97844.9,3256.901
2024-12-01 22:00:00,97844.9,97929.4,97433.3,97643.1,2285.727
2024-12-01 23:00:00,97643.1,97866.0,97250.0,97265.4,2420.659
2024-12-02 00:00:00,97265.4,97693.2,97150.0,97532.8,3109.305
2024-12-02 01:00:00,97532.8,98270.7,97473.0,98077.6,5338.701
2024-12-02 02:00:00,98077.6,98161.9,97529.3,97734.0,1935.175
2024-12-02 03:00:00,97734.0,97761.0,96400.8,96537.2,5556.587
2024-12-02 04:00:00,96537.2,96912.8,96105.0,96761.4,7143.048
2024-12-02 05:00:00,96761.4,97007.8,96400.0,96421.5,2909.804
2024-12-02 06:00:00,96421.5,96497.1,96168.4,96337.3,3972.307
2024-12-02 07:00:00,96337.3,96527.8,95792.3,96040.0,4859.351
2024-12-02 08:00:00,96040.0,96176.5,94915.0,95097.5,10006.757
2024-12-02 09:00:00,95097.5,95624.8,95000.5,95549.6,4187.475
2024-12-02 10:00:00,95549.6,95559.5,94858.0,95010.9,4946.079
2024-12-02 11:00:00,95010.9,95379.0,94910.0,95177.1,3637.22
2024-12-02 12:00:00,95177.1,95462.0,94761.0,95021.4,4386.673
2024-12-02 13:00:00,95021.4,95871.4,94852.0,95737.8,7899.308
2024-12-02 14:00:00,95737.8,96884.1,95552.3,96385.1,9218.049
2024-12-02 15:00:00,96385.1,97304.4,95789.4,97127.8,10973.051
2024-12-02 16:00:00,97127.8,97450.0,96045.5,96223.6,12854.494
2024-12-02 17:00:00,96223.6,96649.9,94455.0,94661.9,10805.027
2024-12-02 18:00:00,94661.9,95899.8,94540.5,95687.7,6682.462
2024-12-02 19:00:00,95687.7,95936.7,95207.7,95869.8,4047.581
2024-12-02 20:00:00,95869.8,96397.7,95475.4,95720.4,4751.773
2024-12-02 21:00:00,95720.4,95820.0,95379.8,95456.2,2440.416
2024-12-02 22:00:00,95456.2,95593.5,95147.4,95432.1,1824.895
2024-12-02 23:00:00,95432.1,95923.6,95388.3,95886.6,1882.831
2024-12-03 00:00:00,95886.6,96169.2,95732.9,95873.5,2169.367
2024-12-03 01:00:00,95873.5,95989.4,95517.5,95587.3,2042.325
2024-12-03 02:00:00,95587.3,96389.0,95452.6,96120.8,3118.838
2024-12-03 03:00:00,96120.8,96287.2,95974.0,96144.1,983.724
2024-12-03 04:00:00,96144.1,96312.1,95966.5,95994.7,1231.569
2024-12-03 05:00:00,95994.7,96261.5,95916.0,96214.5,908.773
2024-12-03 06:00:00,96214.5,96343.6,95608.0,95717.0,1992.626
2024-12-03 07:00:00,95717.0,95809.0,95321.9,95599.1,4245.039
2024-12-03 08:00:00,95599.1,95725.0,95362.3,95592.2,2433.494
2024-12-03 09:00:00,95592.2,95602.8,95217.6,95326.8,1794.187
2024-12-03 10:00:00,95326.8,95549.8,94701.9,94763.8,3638.625
2024-12-03 11:00:00,94763.8,95109.7,94655.4,95055.0,3917.321
2024-12-03 12:00:00,95055.0,95057.8,94744.0,94874.1,2295.183
2024-12-03 13:00:00,94874.1,94935.8,93710.5,93767.1,10789.878
2024-12-03 14:00:00,93767.1,95500.0,93605.4,95282.6,17977.881
2024-12-03 15:00:00,95282.6,96333.0,95158.1,95746.0,14973.404
2024-12-03 16:00:00,95746.0,96260.3,94914.7,95169.5,9757.228
2024-12-03 17:00:00,95169.5,95998.9,94945.0,95914.7,5463.554
2024-12-03 18:00:00,95914.7,95914.8,95332.1,95545.3,3429.523
2024-12-03 19:00:00,95545.3,95591.2,95010.0,95512.3,3501.488
2024-12-03 20:00:00,95512.3,95747.0,95327.4,95663.1,2262.185
2024-12-03 21:00:00,95663.1,96192.9,95600.0,96078.9,3803.64
2024-12-03 22:00:00,96078.9,96208.8,95716.1,96203.4,1998.59
2024-12-03 23:00:00,96203.4,96221.0,95880.0,95919.6,1616.9
2024-12-04 00:00:00,95919.6,96117.3,95650.0,95820.5,1935.242
2024-12-04 01:00:00,95820.5,96736.8,95554.8,96303.8,4384.486
2024-12-04 02:00:00,96303.8,96321.1,95277.7,95865.1,4002.097
2024-12-04 03:00:00,95865.1,95989.8,95674.3,95870.2,1419.852
2024-12-04 04:00:00,95870.2,96086.8,95810.0,96086.8,1212.191
2024-12-04 05:00:00,96086.8,96570.3,96074.9,96570.0,2045.54
2024-12-04 06:00:00,96570.0,96827.1,96359.3,96637.3,3365.724
2024-12-04 07:00:00,96637.3,96796.4,96502.3,96682.1,2254.331
2024-12-04 08:00:00,96682.1,96925.0,96608.9,96788.2,2431.447
2024-12-04 09:00:00,96788.2,97066.6,96760.0,96925.9,2164.288
2024-12-04 10:00:00,96925.9,96953.4,96546.0,96621.2,1979.052
2024-12-04 11:00:00,96621.2,96629.5,96260.0,96283.1,2389.228
2024-12-04 12:00:00,96283.1,96374.6,95734.7,96039.4,4913.897
2024-12-04 13:00:00,96039.4,96086.0,95432.7,95746.2,4546.012
2024-12-04 14:00:00,95746.2,96663.9,95532.0,95911.4,8524.654
2024-12-04 15:00:00,95911.4,96491.2,95443.6,95819.1,9244.096
2024-12-04 16:00:00,95819.1,95906.3,94638.0,94872.3,12360.765
2024-12-04 17:00:00,94872.3,95642.8,94726.8,95609.4,5528.574
2024-12-04 18:00:00,95609.4,96281.9,95504.8,96172.0,5538.451
2024-12-04 19:00:00,96172.0,97306.0,96071.2,97285.2,9325.425
2024-12-04 20:00:00,97285.2,99117.6,97199.0,98795.6,21489.649
2024-12-04 21:00:00,98795.6,98962.3,97508.5,97778.5,9804.698
2024-12-04 22:00:00,97778.5,98668.2,97616.2,98224.0,5316.247
2024-12-04 23:00:00,98224.0,99100.0,98218.0,98671.8,4883.639
2024-12-05 00:00:00,98671.8,98888.8,98297.3,98387.1,4299.549
2024-12-05 01:00:00,98387.1,98750.0,97966.7,98257.5,4533.475
2024-12-05 02:00:00,98257.5,102445.8,98227.6,101568.0,32698.415
2024-12-05 03:00:00,101568.0,104698.8,101558.6,103140.8,27043.437
2024-12-05 04:00:00,103140.8,103748.6,102632.7,103497.5,8460.908
2024-12-05 05:00:00,103497.5,103649.9,101927.8,102636.9,8943.756
2024-12-05 06:00:00,102636.9,102861.1,101590.0,102004.3,6429.416
2024-12-05 07:00:00,102004.3,102697.7,101416.6,102339.7,6205.365
2024-12-05 08:00:00,102339.7,103042.5,102339.7,102894.6,4019.516
2024-12-05 09:00:00,102894.6,103288.0,102704.0,102838.7,3312.502
2024-12-05 10:00:00,102838.7,103080.7,102386.6,102412.2,3366.178
2024-12-05 11:00:00,102412.2,102828.0,102382.3,102698.1,2281.702
2024-12-05 12:00:00,102698.1,103501.9,102571.3,102967.6,5520.471
2024-12-05 13:00:00,102967.6,103389.2,102810.8,102891.3,3695.231
2024-12-05 14:00:00,102891.3,103697.4,102402.6,103627.2,8223.021
2024-12-05 15:00:00,103627.2,103632.1,101011.0,101382.3,20465.347
2024-12-05 16:00:00,101382.3,102138.0,100678.3,101167.8,11349.149
2024-12-05 17:00:00,101167.8,101495.8,100647.1,101413.4,5049.483
2024-12-05 18:00:00,101413.4,101644.9,100279.7,100291.3,8052.754
2024-12-05 19:00:00,100291.3,101050.1,98725.0,99129.3,17491.655
2024-12-05 20:00:00,99129.3,99517.3,97906.2,99135.0,21341.526
2024-12-05 21:00:00,99135.0,99578.7,98854.2,98962.8,5520.346
2024-12-05 22:00:00,98962.8,99114.6,90530.0,96571.7,47749.083
2024-12-05 23:00:00,96571.7,97503.0,95303.5,96977.9,16659.374
2024-12-06 00:00:00,96977.9,97826.4,96319.6,97603.1,8519.852
2024-12-06 01:00:00,97603.1,98878.8,97158.7,98178.7,7392.407
2024-12-06 02:00:00,98178.7,98218.6,97500.1,97641.9,4723.332
2024-12-06 03:00:00,97641.9,97813.9,97217.7,97801.9,3701.509
2024-12-06 04:00:00,97801.9,98063.8,97425.5,97945.1,2125.465
2024-12-06 05:00:00,97945.1,98367.2,97686.0,97922.9,3027.293
2024-12-06 06:00:00,97922.9,98320.0,97809.0,98130.5,2506.471
2024-12-06 07:00:00,98130.5,98340.4,97817.1,98193.1,2547.692
2024-12-06 08:00:00,98193.1,98750.0,98075.0,98391.1,3694.488
2024-12-06 09:00:00,98391.1,98494.4,97917.0,98030.0,4722.297
2024-12-06 10:00:00,98030.0,98231.2,97660.5,98164.3,3609.212
2024-12-06 11:00:00,98164.3,98372.5,97826.5,98101.4,2574.269
2024-12-06 12:00:00,98101.4,98436.9,97517.5,97651.7,3739.159
2024-12-06 13:00:00,97651.7,98948.0,97528.1,98636.9,7799.728
2024-12-06 14:00:00,98636.9,99545.0,98381.8,99524.4,12144.632
2024-12-06 15:00:00,99524.4,99533.4,98584.2,99336.3,8120.922
2024-12-06 16:00:00,99336.3,99566.8,98778.2,99042.2,4790.568
2024-12-06 17:00:00,99042.2,101356.9,98904.2,100861.8,13216.982
2024-12-06 18:00:00,100861.8,101828.2,100611.4,101419.6,9588.62
2024-12-06 19:00:00,101419.6,101879.9,101224.7,101516.2,3935.375
2024-12-06 20:00:00,101516.2,101998.7,101121.4,101450.7,8014.064
2024-12-06 21:00:00,101450.7,101541.3,100322.3,100438.0,5555.726
2024-12-06 22:00:00,100438.0,100823.6,100404.1,100566.5,2120.707
2024-12-06 23:00:00,100566.5,100659.2,99076.4,99789.9,7045.898
2024-12-07 00:00:00,99789.9,100466.0,99585.5,100333.8,3275.918
2024-12-07 01:00:00,100333.8,100496.8,99876.0,100107.6,1804.258
2024-12-07 02:00:00,100107.6,100238.8,99919.6,99983.5,987.853
2024-12-07 03:00:00,99983.5,99998.5,99329.1,99359.9,2590.154
2024-12-07 04:00:00,99359.9,99740.0,99076.4,99562.8,2717.114
2024-12-07 05:00:00,99562.8,99696.9,98883.4,99207.4,2807.384
2024-12-07 06:00:00,99207.4,99443.6,99111.0,99392.0,1513.778
2024-12-07 07:00:00,99392.0,99548.3,99144.2,99454.4,2311.301
2024-12-07 08:00:00,99454.4,99622.0,99310.6,99463.3,1942.444
2024-12-07 09:00:00,99463.3,99876.3,99450.0,99712.5,2861.514
2024-12-07 10:00:00,99712.5,99761.1,99462.0,99561.4,1213.225
2024-12-07 11:00:00,99561.4,99800.0,99455.8,99655.0,1001.63
2024-12-07 12:00:00,99655.0,99738.1,99393.1,99458.1,1185.593
2024-12-07 13:00:00,99458.1,99560.0,99337.0,99392.4,863.756
2024-12-07 14:00:00,99392.4,99847.2,99063.5,99502.9,3412.736
2024-12-07 15:00:00,99502.9,99897.9,99368.6,99807.9,3490.65
2024-12-07 16:00:00,99807.9,99869.5,99526.6,99695.3,1173.996
2024-12-07 17:00:00,99695.3,99800.0,99514.2,99704.1,1070.061
2024-12-07 18:00:00,99704.1,100344.9,99646.1,100189.3,2546.963
2024-12-07 19:00:00,100189.3,100343.5,99968.8,100144.9,2088.038
2024-12-07 20:00:00,100144.9,100445.4,100144.5,100388.9,1196.654
2024-12-07 21:00:00,100388.9,100540.2,99733.4,99947.2,2517.826
2024-12-07 22:00:00,99947.2,100141.6,99659.0,99668.2,1249.486
2024-12-07 23:00:00,99668.2,100370.6,99653.7,99913.0,1684.326
2024-12-08 00:00:00,99913.0,100072.1,99710.3,100065.0,768.359
2024-12-08 01:00:00,100065.0,100218.7,99765.6,99928.1,1127.988
2024-12-08 02:00:00,99928.1,100418.4,99821.5,100227.2,1307.154
2024-12-08 03:00:00,100227.2,100360.0,99982.2,100000.2,883.252
2024-12-08 04:00:00,100000.2,100109.9,99755.0,99815.3,1452.824
2024-12-08 05:00:00,99815.3,99864.0,99344.3,99601.0,1928.296
2024-12-08 06:00:00,99601.0,99880.0,99400.0,99750.0,1193.46
2024-12-08 07:00:00,99750.0,99951.8,99690.1,99755.8,847.162
2024-12-08 08:00:00,99755.8,99778.0,99020.0,99048.0,3000.564
2024-12-08 09:00:00,99048.0,99389.0,98729.1,98967.2,4027.476
2024-12-08 10:00:00,98967.2,99511.2,98956.0,99310.1,2146.839
2024-12-08 11:00:00,99310.1,99953.0,99181.3,99784.9,2846.435
2024-12-08 12:00:00,99784.9,100288.0,99496.2,99995.0,3597.74
2024-12-08 13:00:00,99995.0,100596.4,99885.0,100477.6,3278.725
2024-12-08 14:00:00,100477.6,100500.0,99797.4,99826.8,2273.415
2024-12-08 15:00:00,99826.8,100081.4,99406.1,99986.1,4759.337
2024-12-08 16:00:00,99986.1,100220.1,99791.0,99900.5,2269.846
2024-12-08 17:00:00,99900.5,100080.4,99679.7,100011.3,1617.378
2024-12-08 18:00:00,100011.3,100091.0,99629.5,99715.7,1731.147
2024-12-08 19:00:00,99715.7,100287.3,99524.0,100171.2,2323.921
2024-12-08 20:00:00,100171.2,100225.6,99841.3,99846.8,2501.66
2024-12-08 21:00:00,99846.8,100139.1,99768.8,100095.5,1303.558
2024-12-08 22:00:00,100095.5,100355.9,99929.2,100292.5,1085.73
2024-12-08 23:00:00,100292.5,101464.8,100165.9,101186.8,5514.213
2024-12-09 00:00:00,101186.8,101296.1,99312.5,99715.2,10579.231
2024-12-09 01:00:00,99715.2,99925.2,99444.0,99580.0,2473.671
2024-12-09 02:00:00,99580.0,99789.4,99048.7,99246.5,4010.181
2024-12-09 03:00:00,99246.5,99433.1,98245.5,99155.0,5824.961
2024-12-09 04:00:00,99155.0,99529.1,98822.6,99493.0,3903.33
2024-12-09 05:00:00,99493.0,99618.7,99367.0,99492.6,1445.078
2024-12-09 06:00:00,99492.6,99535.8,98903.0,99087.2,2956.85
2024-12-09 07:00:00,99087.2,99816.0,98359.9,99649.2,7237.623
2024-12-09 08:00:00,99649.2,99779.9,98872.4,98972.0,6683.088
2024-12-09 09:00:00,98972.0,99170.0,98433.5,98450.6,4832.739
2024-12-09 10:00:00,98450.6,98830.0,98333.0,98771.2,3264.346
2024-12-09 11:00:00,98771.2,98771.2,98093.1,98137.5,4082.855
2024-12-09 12:00:00,98137.5,98700.0,98008.2,98656.1,4159.462
2024-12-09 13:00:00,98656.1,99300.0,98291.0,99069.9,6734.038
2024-12-09 14:00:00,99069.9,100497.6,98923.1,100224.5,8584.113
2024-12-09 15:00:00,100224.5,100500.0,97555.0,97847.9,19447.269
2024-12-09 16:00:00,97847.9,98429.9,97500.0,97870.1,8982.851
2024-12-09 17:00:00,97870.1,98285.0,97350.6,97398.7,3810.741
2024-12-09 18:00:00,97398.7,98300.0,97375.4,97826.7,3902.011
2024-12-09 19:00:00,97826.7,97826.7,97032.0,97117.9,6115.103
2024-12-09 20:00:00,97117.9,97385.6,96170.0,96300.0,11041.368
2024-12-09 21:00:00,96300.0,97658.3,93888.0,96958.3,27378.754
2024-12-09 22:00:00,96958.3,97475.5,94669.7,97035.3,13618.062
2024-12-09 23:00:00,97035.3,97598.3,96745.0,97329.0,4342.267
2024-12-10 00:00:00,97329.0,98187.0,97028.1,97895.1,5252.487
2024-12-10 01:00:00,97895.1,98099.8,97500.0,97960.9,3198.58
2024-12-10 02:00:00,97960.9,97980.0,96620.2,96689.6,4804.223
2024-12-10 03:00:00,96689.6,96977.3,95559.7,96946.4,10437.731
2024-12-10 04:00:00,96946.4,97148.0,95934.0,97068.2,5360.486
2024-12-10 05:00:00,97068.2,97088.6,96544.7,96968.5,2662.374
2024-12-10 06:00:00,96968.5,97511.8,96822.9,97469.8,2437.557
2024-12-10 07:00:00,97469.8,97508.6,96917.7,97213.9,2450.073
2024-12-10 08:00:00,97213.9,97562.4,96960.0,97395.8,2473.74
2024-12-10 09:00:00,97395.8,97726.3,97241.3,97522.3,2354.695
2024-12-10 10:00:00,97522.3,97889.0,97519.0,97722.6,3019.554
2024-12-10 11:00:00,97722.6,97981.4,97462.4,97759.5,3024.929
2024-12-10 12:00:00,97759.5,97872.0,96871.5,97189.9,6186.873
2024-12-10 13:00:00,97189.9,97965.6,97143.5,97759.1,4878.249
2024-12-10 14:00:00,97759.1,98299.0,97135.7,97837.1,10027.78
2024-12-10 15:00:00,97837.1,98152.7,95617.0,95651.0,15109.154
2024-12-10 16:00:00,95651.0,96509.4,94498.0,96305.7,25385.21
2024-12-10 17:00:00,96305.7,96389.3,94275.1,94441.4,18934.858
2024-12-10 18:00:00,94441.4,95478.1,94190.8,95086.6,7655.821
2024-12-10 19:00:00,95086.6,96144.8,94920.0,95817.9,4348.989
2024-12-10 20:00:00,95817.9,96699.4,95578.8,96378.7,4170.19
2024-12-10 21:00:00,96378.7,97185.7,96302.9,96829.4,4902.154
2024-12-10 22:00:00,96829.4,97067.2,96540.1,96798.1,1766.071
2024-12-10 23:00:00,96798.1,97089.2,96351.1,96552.8,2597.368
2024-12-11 00:00:00,96552.8,96800.0,95757.0,96367.5,4615.198
2024-12-11 01:00:00,96367.5,96600.0,95574.3,95715.1,3758.039
2024-12-11 02:00:00,95715.1,97411.4,95625.0,97171.1,5177.427
2024-12-11 03:00:00,97171.1,97599.9,97085.3,97363.2,3637.671
2024-12-11 04:00:00,97363.2,97573.8,97125.9,97519.7,1491.149
2024-12-11 05:00:00,97519.7,97676.3,97268.1,97467.4,1767.518
2024-12-11 06:00:00,97467.4,97739.0,97355.8,97659.9,1319.637
2024-12-11 07:00:00,97659.9,97767.1,97212.0,97300.1,1794.029
2024-12-11 08:00:00,97300.1,98467.0,97273.0,98105.9,7558.001
2024-12-11 09:00:00,98105.9,98169.7,97730.0,97987.3,2325.15
2024-12-11 10:00:00,97987.3,98292.2,97830.0,98209.7,2133.875
2024-12-11 11:00:00,98209.7,98463.8,98136.5,98297.9,3527.152
2024-12-11 12:00:00,98297.9,98500.0,98158.0,98220.5,2701.121
2024-12-11 13:00:00,98220.5,98889.8,98066.1,98729.5,7876.125
2024-12-11 14:00:00,98729.5,99566.1,98351.3,99524.1,8997.732
2024-12-11 15:00:00,99524.1,100800.0,99402.9,100372.5,16577.794
2024-12-11 16:00:00,100372.5,101099.0,100291.0,100588.0,8668.784
2024-12-11 17:00:00,100588.0,100989.0,99650.0,99770.9,7261.801
2024-12-11 18:00:00,99770.9,100790.0,99605.2,100364.1,7935.228
2024-12-11 19:00:00,100364.1,101179.2,100364.1,101130.6,4480.067
2024-12-11 20:00:00,101130.6,101720.9,101015.6,101259.7,8303.271
2024-12-11 21:00:00,101259.7,101536.0,100844.9,101512.0,4528.644
2024-12-11 22:00:00,101512.0,101961.0,101150.5,101196.9,4349.2
2024-12-11 23:00:00,101196.9,101496.1,101060.9,101128.3,1806.431
2024-12-12 00:00:00,101128.3,101200.0,100584.2,100767.6,3359.305
2024-12-12 01:00:00,100767.6,100886.5,100372.5,100521.3,3717.451
2024-12-12 02:00:00,100521.3,101867.5,100521.3,101856.0,3677.942
2024-12-12 03:00:00,101856.0,101863.9,100836.8,101073.3,6011.318
2024-12-12 04:00:00,101073.3,101258.7,100588.0,100718.3,3014.566
2024-12-12 05:00:00,100718.3,101143.0,100646.0,100650.1,2109.857
2024-12-12 06:00:00,100650.1,100742.0,100426.6,100607.8,1756.918
2024-12-12 07:00:00,100607.8,100861.1,100513.8,100517.9,1262.808
2024-12-12 08:00:00,100517.9,101136.5,100484.6,101000.3,2156.847
2024-12-12 09:00:00,101000.3,101149.3,100815.9,100823.3,1660.149
2024-12-12 10:00:00,100823.3,100823.3,100484.8,100607.5,2222.363
2024-12-12 11:00:00,100607.5,100669.8,100158.1,100389.6,3035.514
2024-12-12 12:00:00,100389.6,100962.0,100387.7,100847.0,2428.879
2024-12-12 13:00:00,100847.0,101575.0,100519.0,100930.9,8202.388
2024-12-12 14:00:00,100930.9,101757.4,100592.7,101728.0,10821.119
2024-12-12 15:00:00,101728.0,101908.3,100725.0,101832.3,8470.395
2024-12-12 16:00:00,101832.3,102636.2,101500.0,101500.0,12362.339
2024-12-12 17:00:00,101500.0,101757.8,101261.0,101653.6,4239.848
2024-12-12 18:00:00,101653.6,101708.1,100855.0,100880.1,3186.199
2024-12-12 19:00:00,100880.1,101079.7,99300.0,99466.8,15377.249
2024-12-12 20:00:00,99466.8,100413.5,99444.3,99995.6,7975.583
2024-12-12 21:00:00,99995.6,100114.2,99669.2,99715.4,4633.853
2024-12-12 22:00:00,99715.4,100464.1,99448.3,100428.5,3607.897
2024-12-12 23:00:00,100428.5,100456.7,99850.8,99982.5,2026.454
2024-12-13 00:00:00,99982.5,100346.1,99884.1,100053.9,1768.861
2024-12-13 01:00:00,100053.9,100122.0,99168.0,99310.9,3472.14
2024-12-13 02:00:00,99310.9,99674.5,99188.0,99469.1,2258.915
2024-12-13 03:00:00,99469.1,99774.9,99469.1,99720.1,1290.388
2024-12-13 04:00:00,99720.1,100066.0,99628.9,99993.9,1654.8
2024-12-13 05:00:00,99993.9,100150.0,99820.1,99865.8,1416.041
2024-12-13 06:00:00,99865.8,100082.9,99652.5,99655.2,1777.342
2024-12-13 07:00:00,99655.2,100220.0,99447.4,100113.4,2879.241
2024-12-13 08:00:00,100113.4,100350.0,99858.9,100265.1,2198.07
2024-12-13 09:00:00,100265.1,100331.5,99874.1,100094.7,2054.788
2024-12-13 10:00:00,100094.7,100580.0,99914.2,100471.1,2781.817
2024-12-13 11:00:00,100471.1,100797.0,100318.2,100357.4,3454.051
2024-12-13 12:00:00,100357.4,100484.4,100160.0,100304.8,1942.782
2024-12-13 13:00:00,100304.8,100534.2,99920.7,100296.8,2840.743
2024-12-13 14:00:00,100296.8,101093.6,100222.2,101036.0,4168.861
2024-12-13 15:00:00,101036.0,101350.0,99630.2,99820.0,12148.463
2024-12-13 16:00:00,99820.0,101253.3,99728.7,100970.3,9466.584
2024-12-13 17:00:00,100970.3,101791.6,100756.7,101735.5,7050.197
2024-12-13 18:00:00,101735.5,101935.7,101302.6,101476.9,5161.84
2024-12-13 19:00:00,101476.9,101606.4,101184.2,101445.2,2588.884
2024-12-13 20:00:00,101445.2,101865.3,101200.0,101650.0,3476.114
2024-12-13 21:00:00,101650.0,101664.1,101223.6,101282.4,1807.743
2024-12-13 22:00:00,101282.4,101394.3,101038.1,101218.9,1627.913
2024-12-13 23:00:00,101218.9,101555.9,101119.0,101415.8,1477.465
2024-12-14 00:00:00,101415.8,101524.4,101133.6,101296.8,1179.169
2024-12-14 01:00:00,101296.8,102748.0,101296.3,102174.0,10038.141
2024-12-14 02:00:00,102174.0,102314.2,101666.6,102049.6,2702.898
2024-12-14 03:00:00,102049.6,102367.9,102044.6,102091.0,1112.38
2024-12-14 04:00:00,102091.0,102172.6,101565.8,101689.2,1878.676
2024-12-14 05:00:00,101689.2,101844.5,101635.7,101744.5,783.943
2024-12-14 06:00:00,101744.5,102029.3,101700.0,101921.6,960.61
2024-12-14 07:00:00,101921.6,101960.2,101634.1,101842.6,1039.373
2024-12-14 08:00:00,101842.6,101897.7,101549.3,101825.9,1135.201
2024-12-14 09:00:00,101825.9,101826.0,101400.0,101573.4,1375.092
2024-12-14 10:00:00,101573.4,101610.5,101333.0,101563.3,1495.19
2024-12-14 11:00:00,101563.3,101725.8,101464.4,101597.5,937.044
2024-12-14 12:00:00,101597.5,101666.3,101215.9,101308.1,1735.392
2024-12-14 13:00:00,101308.1,101421.8,100808.0,101177.8,4861.637
2024-12-14 14:00:00,101177.8,101550.0,101163.7,101435.2,2184.886
2024-12-14 15:00:00,101435.2,101770.9,101338.4,101633.9,1457.15
2024-12-14 16:00:00,101633.9,101674.5,101412.0,101655.9,1407.497
2024-12-14 17:00:00,101655.9,101738.6,100872.5,100973.7,3083.049
2024-12-14 18:00:00,100973.7,101289.3,100824.9,100895.2,3149.012
2024-12-14 19:00:00,100895.2,101393.1,100862.6,101339.5,1887.563
2024-12-14 20:00:00,101339.5,101445.3,100577.1,100749.3,3205.01
2024-12-14 21:00:00,100749.3,101200.0,100748.8,101077.5,1446.398
2024-12-14 22:00:00,101077.5,101293.0,100882.8,101127.8,1159.57
2024-12-14 23:00:00,101127.8,101492.5,101047.9,101419.9,1045.316
2024-12-15 00:00:00,101419.9,101582.8,101243.4,101459.4,1302.902
2024-12-15 01:00:00,101459.4,102221.7,101432.3,102128.8,2939.537
2024-12-15 02:00:00,102128.8,102159.9,101792.9,101838.4,1774.55
2024-12-15 03:00:00,101838.4,101964.5,101728.1,101738.4,1015.402
2024-12-15 04:00:00,101738.4,102888.1,101738.4,102364.2,6780.793
2024-12-15 05:00:00,102364.2,102533.6,102092.0,102147.5,1667.454
2024-12-15 06:00:00,102147.5,102159.8,101750.1,101752.1,1435.445
2024-12-15 07:00:00,101752.1,101949.2,101470.1,101721.4,2045.142
2024-12-15 08:00:00,101721.4,102014.0,101578.9,102014.0,1246.434
2024-12-15 09:00:00,102014.0,102291.0,101908.2,102261.2,1581.262
2024-12-15 10:00:00,102261.2,102460.3,102125.2,102268.8,1709.23
2024-12-15 11:00:00,102268.8,102684.9,102223.7,102660.1,1944.822
2024-12-15 12:00:00,102660.1,103371.7,102514.2,102959.8,6981.389
2024-12-15 13:00:00,102959.8,103000.0,102480.0,102789.7,3215.616
2024-12-15 14:00:00,102789.7,103076.0,102637.8,103017.4,2531.017
2024-12-15 15:00:00,103017.4,103065.0,102680.4,102701.1,1726.088
2024-12-15 16:00:00,102701.1,103555.0,102566.1,103118.4,4444.792
2024-12-15 17:00:00,103118.4,103376.2,102970.6,103156.9,1843.102
2024-12-15 18:00:00,103156.9,103380.1,102980.2,103206.4,1499.913
2024-12-15 19:00:00,103206.4,103474.8,103181.8,103263.1,1746.465
2024-12-15 20:00:00,103263.1,103436.2,103066.8,103149.8,1169.406
2024-12-15 21:00:00,103149.8,103237.5,102636.2,102846.7,3583.507
2024-12-15 22:00:00,102846.7,103400.0,102600.0,103247.7,3282.67
2024-12-15 23:00:00,103247.7,105338.2,103215.3,104515.6,19707.529
2024-12-16 00:00:00,104515.6,106727.8,104348.4,105492.0,15221.29
2024-12-16 01:00:00,105492.0,105657.4,105000.0,105566.5,5373.776
2024-12-16 02:00:00,105566.5,105688.1,104401.0,104600.5,5498.068
2024-12-16 03:00:00,104600.5,105024.4,104150.0,104579.9,4600.892
2024-12-16 04:00:00,104579.9,104809.8,104456.5,104675.1,1793.732
2024-12-16 05:00:00,104675.1,105072.6,104456.6,105030.0,2000.337
2024-12-16 06:00:00,105030.0,105422.0,104919.0,105179.6,3054.892
2024-12-16 07:00:00,105179.6,105438.9,104905.0,105007.0,1581.509
2024-12-16 08:00:00,105007.0,105054.0,104506.5,104561.5,2754.193
2024-12-16 09:00:00,104561.5,104970.0,104515.0,104695.5,2055.284
2024-12-16 10:00:00,104695.5,104754.3,104345.0,104698.3,2288.635
2024-12-16 11:00:00,104698.3,104842.7,103653.5,103776.1,5554.779
2024-12-16 12:00:00,103776.1,104158.0,103304.3,103670.0,6659.176
2024-12-16 13:00:00,103670.0,104150.0,103480.2,103911.3,3733.913
2024-12-16 14:00:00,103911.3,106044.4,103876.7,105532.1,13510.416
2024-12-16 15:00:00,105532.1,106545.9,105238.3,106352.6,13003.394
2024-12-16 16:00:00,106352.6,107222.0,106166.9,106854.2,12752.707
2024-12-16 17:00:00,106854.2,107243.2,106708.7,107092.2,4629.431
2024-12-16 18:00:00,107092.2,107850.0,106882.0,107119.6,8001.378
2024-12-16 19:00:00,107119.6,107129.2,105812.0,106614.6,9283.1
2024-12-16 20:00:00,106614.6,106680.5,105726.3,105810.3,5116.9
2024-12-16 21:00:00,105810.3,106326.3,105653.3,106076.2,3303.825
2024-12-16 22:00:00,106076.2,106346.0,105727.0,105832.0,1946.651
2024-12-16 23:00:00,105832.0,106105.8,105476.5,106094.2,2851.069
2024-12-17 00:00:00,106094.2,106241.5,105668.1,105860.0,3439.385
2024-12-17 01:00:00,105860.0,106471.4,105741.3,106376.5,2215.504
2024-12-17 02:00:00,106376.5,106620.0,106200.0,106266.6,2043.386
2024-12-17 03:00:00,106266.6,107074.6,106232.5,106878.3,2867.907
2024-12-17 04:00:00,106878.3,106878.3,106420.0,106508.0,1741.948
2024-12-17 05:00:00,106508.0,106857.8,106449.3,106839.9,1134.913
2024-12-17 06:00:00,106839.9,106868.0,106364.4,106551.3,1385.513
2024-12-17 07:00:00,106551.3,107153.7,106464.6,106833.4,2794.753
2024-12-17 08:00:00,106833.4,107550.0,106766.8,107425.9,3422.704
2024-12-17 09:00:00,107425.9,107508.6,107140.0,107325.6,2094.879
2024-12-17 10:00:00,107325.6,107372.2,106967.4,107236.0,1757.54
2024-12-17 11:00:00,107236.0,107368.6,106693.7,106816.0,2487.346
2024-12-17 12:00:00,106816.0,107197.2,106532.5,107134.1,2782.135
2024-12-17 13:00:00,107134.1,107661.7,106981.0,107314.4,3674.41
2024-12-17 14:00:00,107314.4,108421.6,107074.2,108276.4,9627.259
2024-12-17 15:00:00,108276.4,108276.4,105680.9,106454.6,19631.269
2024-12-17 16:00:00,106454.6,107098.4,106119.0,107079.2,5902.359
2024-12-17 17:00:00,107079.2,107636.3,106710.0,107506.4,5345.623
2024-12-17 18:00:00,107506.4,107669.9,106418.7,106561.5,4094.614
2024-12-17 19:00:00,106561.5,107000.0,106220.0,106494.8,4049.471
2024-12-17 20:00:00,106494.8,106907.9,106150.0,106729.4,4620.743
2024-12-17 21:00:00,106729.4,106812.3,106223.7,106389.6,2032.41
2024-12-17 22:00:00,106389.6,106409.1,105300.0,105930.2,6073.019
2024-12-17 23:00:00,105930.2,106300.0,105512.0,106084.6,5542.967
2024-12-18 00:00:00,106084.6,106429.7,105569.4,106064.7,4766.524
2024-12-18 01:00:00,106064.7,106470.3,104829.9,105284.4,6663.213
2024-12-18 02:00:00,105284.4,105622.7,104941.2,105270.2,5053.388
2024-12-18 03:00:00,105270.2,105288.3,104520.0,104723.5,4901.397
2024-12-18 04:00:00,104723.5,104723.5,103522.0,103832.8,10503.199
2024-12-18 05:00:00,103832.8,104102.0,103207.6,103523.9,6685.15
2024-12-18 06:00:00,103523.9,103965.6,103057.1,103750.7,5110.699
2024-12-18 07:00:00,103750.7,104319.3,103669.1,104218.0,5396.88
2024-12-18 08:00:00,104218.0,104364.3,103691.5,103781.3,3930.428
2024-12-18 09:00:00,103781.3,104430.0,103781.2,104015.1,2318.474
2024-12-18 10:00:00,104015.1,104647.2,103946.7,104515.4,2759.359
2024-12-18 11:00:00,104515.4,104978.2,104467.3,104971.5,3111.428
2024-12-18 12:00:00,104971.5,105309.2,104626.9,104864.3,6013.565
2024-12-18 13:00:00,104864.3,105212.0,104472.4,104529.9,3647.187
2024-12-18 14:00:00,104529.9,104812.0,103750.0,103976.4,8624.468
2024-12-18 15:00:00,103976.4,104537.0,103602.9,104386.1,6431.937
2024-12-18 16:00:00,104386.1,104439.0,103369.0,104165.9,6307.791
2024-12-18 17:00:00,104165.9,104800.0,103831.4,104623.9,4102.696
2024-12-18 18:00:00,104623.9,104968.2,104123.7,104782.7,4096.312
2024-12-18 19:00:00,104782.7,104796.0,102777.0,102777.0,17622.327
2024-12-18 20:00:00,102777.0,102965.8,100221.4,100776.0,42762.312
2024-12-18 21:00:00,100776.0,101700.0,100386.2,100962.8,9715.679
2024-12-18 22:00:00,100962.8,101499.6,100604.4,101107.7,4916.288
2024-12-18 23:00:00,101107.7,101143.2,99800.0,100148.6,8432.485
2024-12-19 00:00:00,100148.6,100949.1,100066.0,100777.0,5461.849
2024-12-19 01:00:00,100777.0,100871.6,99533.9,99717.1,6558.442
2024-12-19 02:00:00,99717.1,100490.0,98700.0,100471.9,15277.739
2024-12-19 03:00:00,100471.9,101265.2,100385.6,101141.4,8339.248
2024-12-19 04:00:00,101141.4,101180.0,100554.5,100599.9,2826.343
2024-12-19 05:00:00,100599.9,101362.5,100599.0,101243.8,3023.037
2024-12-19 06:00:00,101243.8,101363.2,100947.4,101129.2,2339.928
2024-12-19 07:00:00,101129.2,101666.0,101063.4,101595.0,2686.146
2024-12-19 08:00:00,101595.0,101779.7,101307.8,101580.8,2611.407
2024-12-19 09:00:00,101580.8,101831.0,101462.1,101767.3,2038.649
2024-12-19 10:00:00,101767.3,102554.7,101681.0,102357.7,4610.454
2024-12-19 11:00:00,102357.7,102466.8,102131.0,102417.8,2209.312
2024-12-19 12:00:00,102417.8,102541.5,101817.9,101959.4,3502.749
2024-12-19 13:00:00,101959.4,102179.6,101629.1,101909.5,4500.924
2024-12-19 14:00:00,101909.5,102742.4,100621.9,100902.4,11709.755
2024-12-19 15:00:00,100902.4,101025.2,99362.6,100611.4,19125.804
2024-12-19 16:00:00,100611.4,101167.0,99810.4,100658.8,8165.672
2024-12-19 17:00:00,100658.8,100698.7,97255.0,98781.4,23813.745
2024-12-19 18:00:00,98781.4,98923.9,96808.3,98867.7,20071.828
2024-12-19 19:00:00,98867.7,99000.0,96200.0,97154.9,14164.699
2024-12-19 20:00:00,97154.9,97285.7,95640.5,96379.4,19386.28
2024-12-19 21:00:00,96379.4,98073.1,95775.0,97352.0,10803.86
2024-12-19 22:00:00,97352.0,98342.0,97150.1,98303.6,4689.73
2024-12-19 23:00:00,98303.6,98307.0,97380.0,97399.4,4168.94
2024-12-20 00:00:00,97399.4,97755.0,96569.0,97188.8,6279.626
2024-12-20 01:00:00,97188.8,97484.4,96087.3,96271.8,6755.307
2024-12-20 02:00:00,96271.8,97674.0,95912.0,97583.7,6614.635
2024-12-20 03:00:00,97583.7,97749.9,96900.1,97056.0,3065.906
2024-12-20 04:00:00,97056.0,97800.0,96812.0,97249.9,3902.167
2024-12-20 05:00:00,97249.9,97445.7,96611.3,96695.0,3237.043
2024-12-20 06:00:00,96695.0,97276.6,96342.9,97245.1,4284.873
2024-12-20 07:00:00,97245.1,98221.5,97236.1,97783.8,6140.863
2024-12-20 08:00:00,97783.8,97825.8,95210.9,95409.7,12429.277
2024-12-20 09:00:00,95409.7,95689.7,94626.3,94751.5,11943.747
2024-12-20 10:00:00,94751.5,95079.9,93888.0,94325.9,14611.706
2024-12-20 11:00:00,94325.9,94637.5,92533.3,92681.1,20000.912
2024-12-20 12:00:00,92681.1,94220.0,92230.0,93896.0,15072.917
2024-12-20 13:00:00,93896.0,95793.7,93515.8,95174.1,15389.696
2024-12-20 14:00:00,95174.1,96172.1,94704.1,95586.6,10456.495
2024-12-20 15:00:00,95586.6,97524.6,95557.8,96941.9,12389.595
2024-12-20 16:00:00,96941.9,97640.0,96267.5,96687.6,9948.396
2024-12-20 17:00:00,96687.6,97330.8,96383.2,97159.2,5223.464
2024-12-20 18:00:00,97159.2,97266.5,96540.2,96941.0,3925.811
2024-12-20 19:00:00,96941.0,97698.0,96789.1,97063.8,4012.245
2024-12-20 20:00:00,97063.8,97180.6,96363.3,96400.1,3513.814
2024-12-20 21:00:00,96400.1,96609.6,95355.0,96572.2,6663.799
2024-12-20 22:00:00,96572.2,97479.8,96400.0,97402.6,2833.084
2024-12-20 23:00:00,97402.6,97775.6,97323.1,97757.3,2394.306
2024-12-21 00:00:00,97757.3,97757.3,97147.0,97467.2,1660.897
2024-12-21 01:00:00,97467.2,97609.7,97126.9,97296.7,1284.294
2024-12-21 02:00:00,97296.7,97566.0,97122.6,97334.1,831.569
2024-12-21 03:00:00,97334.1,97440.1,97190.0,97440.1,891.788
2024-12-21 04:00:00,97440.1,97584.9,97328.0,97517.4,965.255
2024-12-21 05:00:00,97517.4,98640.4,97477.9,98633.6,4039.91
2024-12-21 06:00:00,98633.6,98787.0,98264.7,98680.9,4143.941
2024-12-21 07:00:00,98680.9,99482.8,98440.0,98983.7,5156.959
2024-12-21 08:00:00,98983.7,99122.3,98391.8,98602.1,4712.375
2024-12-21 09:00:00,98602.1,98642.2,98228.5,98512.2,2291.531
2024-12-21 10:00:00,98512.2,98588.6,97983.5,98075.9,2537.008
2024-12-21 11:00:00,98075.9,98364.1,97746.0,98207.7,3474.134
2024-12-21 12:00:00,98207.7,98246.2,97064.4,97090.9,5253.872
2024-12-21 13:00:00,97090.9,97459.1,96326.7,97273.8,7502.618
2024-12-21 14:00:00,97273.8,97696.3,97022.0,97042.6,3962.445
2024-12-21 15:00:00,97042.6,97680.3,97022.0,97464.8,2134.182
2024-12-21 16:00:00,97464.8,97670.5,96888.5,97240.0,3342.781
2024-12-21 17:00:00,97240.0,97644.8,96945.6,97545.2,2108.687
2024-12-21 18:00:00,97545.2,97688.4,97226.5,97358.6,1193.048
2024-12-21 19:00:00,97358.6,97393.2,96758.5,97228.0,2580.709
2024-12-21 20:00:00,97228.0,97999.0,97174.9,97407.2,3438.808
2024-12-21 21:00:00,97407.2,97530.6,96478.5,96841.2,3220.093
2024-12-21 22:00:00,96841.2,97352.1,96567.0,97092.0,1912.886
2024-12-21 23:00:00,97092.0,97279.6,96843.2,97249.7,1012.52
2024-12-22 00:00:00,97249.7,97431.6,97000.0,97202.6,1144.488
2024-12-22 01:00:00,97202.6,97393.9,96664.5,97000.0,1434.377
2024-12-22 02:00:00,97000.0,97197.9,96544.0,96674.5,1280.611
2024-12-22 03:00:00,96674.5,97279.0,96508.4,96939.3,2018.762
2024-12-22 04:00:00,96939.3,97031.4,96026.3,96040.9,2522.957
2024-12-22 05:00:00,96040.9,96366.9,95839.1,96116.0,3152.78
2024-12-22 06:00:00,96116.0,96707.2,96068.0,96698.4,1802.435
2024-12-22 07:00:00,96698.4,96800.0,96032.0,96171.9,2030.601
2024-12-22 08:00:00,96171.9,96644.1,96151.4,96475.8,1912.043
2024-12-22 09:00:00,96475.8,97200.0,96264.0,96882.1,3195.698
2024-12-22 10:00:00,96882.1,97317.0,96785.4,96960.1,1886.242
2024-12-22 11:00:00,96960.1,97284.8,96923.3,97047.3,1130.418
2024-12-22 12:00:00,97047.3,97265.6,96797.6,96935.8,1762.01
2024-12-22 13:00:00,96935.8,97216.2,96800.0,96939.1,1820.258
2024-12-22 14:00:00,96939.1,97016.7,95261.2,95326.5,8225.877
2024-12-22 15:00:00,95326.5,95617.4,95056.0,95320.9,5995.611
2024-12-22 16:00:00,95320.9,95818.8,95140.1,95663.6,4020.209
2024-12-22 17:00:00,95663.6,95812.8,95372.0,95562.0,1803.983
2024-12-22 18:00:00,95562.0,96437.1,95307.3,95912.6,6292.807
2024-12-22 19:00:00,95912.6,96112.9,94611.1,94771.1,5108.935
2024-12-22 20:00:00,94771.1,95584.1,94351.8,95547.5,5546.131
2024-12-22 21:00:00,95547.5,95722.8,95014.9,95165.6,3648.787
2024-12-22 22:00:00,95165.6,95593.7,94200.0,95500.6,5714.905
2024-12-22 23:00:00,95500.6,95790.5,94972.2,95144.7,2913.502
2024-12-23 00:00:00,95144.7,95395.3,94285.4,94354.3,4386.042
2024-12-23 01:00:00,94354.3,95070.0,93711.1,94424.0,7179.256
2024-12-23 02:00:00,94424.0,94726.1,93635.9,94674.9,5235.362
2024-12-23 03:00:00,94674.9,95999.5,94567.6,95969.8,5985.751
2024-12-23 04:00:00,95969.8,96470.0,95591.5,95791.6,5480.833
2024-12-23 05:00:00,95791.6,95931.7,95289.1,95570.8,2940.39
2024-12-23 06:00:00,95570.8,95617.8,94650.0,94774.9,4835.27
2024-12-23 07:00:00,94774.9,95547.8,94774.9,95353.8,2915.308
2024-12-23 08:00:00,95353.8,95525.3,94975.6,95444.9,2003.626
2024-12-23 09:00:00,95444.9,96125.2,95442.7,95967.7,3704.428
2024-12-23 10:00:00,95967.7,96408.0,95900.1,96341.3,2829.609
2024-12-23 11:00:00,96341.3,96500.0,95764.4,95891.3,2326.769
2024-12-23 12:00:00,95891.3,96391.9,95816.1,96259.5,2236.861
2024-12-23 13:00:00,96259.5,96336.4,94770.1,94882.9,6905.888
2024-12-23 14:00:00,94882.9,95583.9,93671.6,94349.9,11111.765
2024-12-23 15:00:00,94349.9,94397.2,93056.0,93202.7,10987.294
2024-12-23 16:00:00,93202.7,94232.0,92881.1,93926.3,9164.795
2024-12-23 17:00:00,93926.3,94105.0,93150.0,93333.7,5800.71
2024-12-23 18:00:00,93333.7,93722.0,92616.1,92711.3,4807.098
2024-12-23 19:00:00,92711.3,93671.7,92636.2,93000.2,4534.28
2024-12-23 20:00:00,93000.2,93499.2,92465.8,93157.8,6459.808
2024-12-23 21:00:00,93157.8,94277.0,93150.4,93918.1,5798.09
2024-12-23 22:00:00,93918.1,95160.9,93860.0,95154.7,3993.426
2024-12-23 23:00:00,95154.7,95472.6,94629.0,94837.0,3839.366
2024-12-24 00:00:00,94837.0,94837.0,94065.8,94506.2,3609.395
2024-12-24 01:00:00,94506.2,94626.9,93970.4,94087.0,2600.815
2024-12-24 02:00:00,94087.0,94282.3,93508.6,93904.6,3775.18
2024-12-24 03:00:00,93904.6,94357.6,93756.0,94309.2,2046.474
2024-12-24 04:00:00,94309.2,94387.0,94012.0,94382.2,1805.435
2024-12-24 05:00:00,94382.2,94639.8,94271.1,94557.5,1731.729
2024-12-24 06:00:00,94557.5,94564.7,93787.0,93873.9,2356.354
2024-12-24 07:00:00,93873.9,94276.1,93751.7,94189.9,1786.838
2024-12-24 08:00:00,94189.9,94599.5,94071.1,94444.6,2489.09
2024-12-24 09:00:00,94444.6,94498.9,93899.6,94020.0,2072.047
2024-12-24 10:00:00,94020.0,94169.7,93800.0,93932.0,1930.94
2024-12-24 11:00:00,93932.0,94405.8,93882.2,94356.3,1751.518
2024-12-24 12:00:00,94356.3,94380.0,94031.0,94272.2,1612.595
2024-12-24 13:00:00,94272.2,96049.4,94248.0,96040.1,6248.743
2024-12-24 14:00:00,96040.1,97469.0,95812.7,97417.6,12439.095
2024-12-24 15:00:00,97417.6,98276.8,97179.0,98255.2,9682.213
2024-12-24 16:00:00,98255.2,98669.0,97921.0,98423.7,9178.649
2024-12-24 17:00:00,98423.7,98980.0,98256.7,98735.2,7339.834
2024-12-24 18:00:00,98735.2,99435.7,98350.1,98560.0,7307.678
2024-12-24 19:00:00,98560.0,98705.7,97509.0,97540.0,4947.085
2024-12-24 20:00:00,97540.0,98044.4,97198.6,97285.3,8489.235
2024-12-24 21:00:00,97285.3,98430.0,97263.3,98360.7,4557.555
2024-12-24 22:00:00,98360.7,99065.0,98308.5,98734.7,3973.031
2024-12-24 23:00:00,98734.7,98996.3,98428.0,98628.3,2238.939
2024-12-25 00:00:00,98628.3,98852.0,98366.0,98394.5,2293.029
2024-12-25 01:00:00,98394.5,98587.2,97868.0,97965.0,2954.948
2024-12-25 02:00:00,97965.0,98328.5,97688.1,98100.6,2786.349
2024-12-25 03:00:00,98100.6,98250.0,97893.8,98000.1,1465.84
2024-12-25 04:00:00,98000.1,98338.4,97814.1,98206.2,1444.805
2024-12-25 05:00:00,98206.2,98345.2,98121.1,98247.2,877.097
2024-12-25 06:00:00,98247.2,98550.0,97759.0,97862.8,2851.468
2024-12-25 07:00:00,97862.8,98329.4,97820.1,98053.5,1818.185
2024-12-25 08:00:00,98053.5,98236.0,97900.0,98047.2,1262.661
2024-12-25 09:00:00,98047.2,98249.8,97957.5,98152.3,893.706
2024-12-25 10:00:00,98152.3,99338.9,98111.0,98417.7,8299.028
2024-12-25 11:00:00,98417.7,98862.8,97750.0,97890.0,4506.827
2024-12-25 12:00:00,97890.0,98651.0,97562.6,98143.8,6817.387
2024-12-25 13:00:00,98143.8,98593.0,98081.3,98434.1,2371.346
2024-12-25 14:00:00,98434.1,98817.9,98199.3,98691.0,2534.369
2024-12-25 15:00:00,98691.0,98711.7,98153.9,98494.6,2229.835
2024-12-25 16:00:00,98494.6,98691.4,98101.5,98400.3,1920.227
2024-12-25 17:00:00,98400.3,98657.4,98159.9,98544.6,1438.498
2024-12-25 18:00:00,98544.6,98989.9,98522.8,98730.1,2704.848
2024-12-25 19:00:00,98730.1,99298.0,98703.0,99001.3,2649.513
2024-12-25 20:00:00,99001.3,99410.5,98850.2,99126.2,2663.521
2024-12-25 21:00:00,99126.2,99590.0,98337.1,98476.1,4882.829
2024-12-25 22:00:00,98476.1,99073.9,98395.0,98781.2,2224.131
2024-12-25 23:00:00,98781.2,99537.1,98774.4,99405.2,3514.774
2024-12-26 00:00:00,99405.2,99950.0,98902.5,98997.6,6234.566
2024-12-26 01:00:00,98997.6,99226.6,98516.8,99018.6,3963.868
2024-12-26 02:00:00,99018.6,99200.9,98418.3,98692.7,2762.534
2024-12-26 03:00:00,98692.7,99120.0,98519.3,98950.9,2155.724
2024-12-26 04:00:00,98950.9,98950.9,98185.0,98250.3,2921.449
2024-12-26 05:00:00,98250.3,98435.3,98031.0,98327.0,2446.155
2024-12-26 06:00:00,98327.0,98444.4,97963.2,98077.4,2044.979
2024-12-26 07:00:00,98077.4,98261.0,97650.7,97675.3,3460.834
2024-12-26 08:00:00,97675.3,97725.2,95550.0,95816.1,19488.004
2024-12-26 09:00:00,95816.1,95931.1,95360.7,95390.2,5472.973
2024-12-26 10:00:00,95390.2,95729.0,95137.5,95459.7,4269.209
2024-12-26 11:00:00,95459.7,95990.0,95408.8,95659.0,3474.328
2024-12-26 12:00:00,95659.0,95843.2,95405.1,95631.2,2805.43
2024-12-26 13:00:00,95631.2,95732.3,95231.5,95656.7,3346.979
2024-12-26 14:00:00,95656.7,96240.6,95178.6,95410.0,7397.379
2024-12-26 15:00:00,95410.0,96200.0,95200.0,95983.3,4934.255
2024-12-26 16:00:00,95983.3,96575.1,95742.8,96463.4,5174.129
2024-12-26 17:00:00,96463.4,96509.6,95603.6,95760.0,4048.41
2024-12-26 18:00:00,95760.0,95930.0,95430.4,95683.4,2546.28
2024-12-26 19:00:00,95683.4,96140.0,95383.3,96050.1,2166.27
2024-12-26 20:00:00,96050.1,96069.7,95335.9,95546.8,3219.34
2024-12-26 21:00:00,95546.8,95893.3,95250.0,95778.4,2883.493
2024-12-26 22:00:00,95778.4,95928.0,95587.1,95785.2,1379.055
2024-12-26 23:00:00,95785.2,95848.1,95320.0,95743.2,2072.799
2024-12-27 00:00:00,95743.2,95890.7,95351.1,95744.0,2784.521
2024-12-27 01:00:00,95744.0,96214.4,95517.1,95880.1,2214.831
2024-12-27 02:00:00,95880.1,96400.0,95654.9,96025.8,2737.039
2024-12-27 03:00:00,96025.8,96421.4,95936.3,96380.0,1827.807
2024-12-27 04:00:00,96380.0,96557.5,96177.1,96249.1,1998.228
2024-12-27 05:00:00,96249.1,96285.8,95943.1,96209.1,1503.603
2024-12-27 06:00:00,96209.1,96550.1,96062.1,96550.1,1400.271
2024-12-27 07:00:00,96550.1,96572.7,94594.9,95059.6,10123.638
2024-12-27 08:00:00,95059.6,96381.3,95054.7,95686.7,7706.773
2024-12-27 09:00:00,95686.7,97500.0,95640.0,96732.9,10467.008
2024-12-27 10:00:00,96732.9,96984.3,96121.0,96542.4,3920.629
2024-12-27 11:00:00,96542.4,96900.0,96319.8,96900.0,2573.651
2024-12-27 12:00:00,96900.0,96995.7,96553.7,96649.1,2251.445
2024-12-27 13:00:00,96649.1,96649.1,96211.0,96388.3,2611.434
2024-12-27 14:00:00,96388.3,96447.3,95114.3,95639.9,8558.392
2024-12-27 15:00:00,95639.9,95666.0,93930.0,94529.2,12371.335
2024-12-27 16:00:00,94529.2,94979.9,94032.8,94110.3,7368.641
2024-12-27 17:00:00,94110.3,94293.8,93380.1,94229.9,8827.196
2024-12-27 18:00:00,94229.9,94699.0,94145.7,94498.7,3148.673
2024-12-27 19:00:00,94498.7,94747.0,94205.2,94699.9,2180.283
2024-12-27 20:00:00,94699.9,94726.1,94264.8,94550.8,2547.135
2024-12-27 21:00:00,94550.8,94794.0,94337.4,94491.0,1679.85
2024-12-27 22:00:00,94491.0,94651.6,94133.6,94374.7,1608.448
2024-12-27 23:00:00,94374.7,94475.0,94084.5,94251.0,1363.629
2024-12-28 00:00:00,94251.0,94488.0,94211.0,94349.9,1229.476
2024-12-28 01:00:00,94349.9,94568.2,94070.2,94485.9,1693.954
2024-12-28 02:00:00,94485.9,94575.6,94211.1,94269.5,802.015
2024-12-28 03:00:00,94269.5,94676.0,94267.9,94537.0,868.475
2024-12-28 04:00:00,94537.0,94598.4,94444.6,94467.4,491.606
2024-12-28 05:00:00,94467.4,94759.8,94467.3,94580.0,1580.637
2024-12-28 06:00:00,94580.0,94677.7,94351.4,94412.5,993.578
2024-12-28 07:00:00,94412.5,94590.9,94239.5,94325.0,1035.642
2024-12-28 08:00:00,94325.0,94494.9,94243.5,94436.5,680.905
2024-12-28 09:00:00,94436.5,94643.4,94428.1,94530.0,988.372
2024-12-28 10:00:00,94530.0,94683.1,94438.8,94580.0,1656.517
2024-12-28 11:00:00,94580.0,94858.3,94546.3,94712.9,1042.662
2024-12-28 12:00:00,94712.9,94845.5,94553.9,94554.8,1194.716
2024-12-28 13:00:00,94554.8,94714.1,94418.0,94621.3,1422.26
2024-12-28 14:00:00,94621.3,95302.8,94352.2,94535.8,5801.135
2024-12-28 15:00:00,94535.8,94799.9,94266.8,94389.8,2180.527
2024-12-28 16:00:00,94389.8,94884.6,94333.2,94830.4,1649.587
2024-12-28 17:00:00,94830.4,95221.7,94768.8,94985.5,3500.453
2024-12-28 18:00:00,94985.5,95073.6,94670.5,94795.7,1240.965
2024-12-28 19:00:00,94795.7,95116.5,94792.6,94984.8,1287.444
2024-12-28 20:00:00,94984.8,95108.9,94825.4,95041.2,862.244
2024-12-28 21:00:00,95041.2,95175.0,94908.0,95116.8,735.149
2024-12-28 22:00:00,95116.8,95699.9,94988.6,95277.3,2695.552
2024-12-28 23:00:00,95277.3,95390.4,95065.0,95255.8,1260.918
2024-12-29 00:00:00,95255.8,95300.0,95000.0,95114.3,1064.103
2024-12-29 01:00:00,95114.3,95180.0,94758.0,94813.6,1506.837
2024-12-29 02:00:00,94813.6,95168.9,94794.5,95111.3,1067.465
2024-12-29 03:00:00,95111.3,95180.0,94921.0,95124.6,908.047
2024-12-29 04:00:00,95124.6,95235.1,95006.3,95088.5,499.893
2024-12-29 05:00:00,95088.5,95160.0,95010.0,95074.2,448.48
2024-12-29 06:00:00,95074.2,95183.0,94899.3,95129.8,1234.034
2024-12-29 07:00:00,95129.8,95238.1,95028.1,95217.6,825.859
2024-12-29 08:00:00,95217.6,95274.8,95021.5,95075.7,722.48
2024-12-29 09:00:00,95075.7,95157.9,94996.3,95133.0,787.9
2024-12-29 10:00:00,95133.0,95271.8,95050.0,95118.6,996.413
2024-12-29 11:00:00,95118.6,95136.5,94958.7,94975.1,573.346
2024-12-29 12:00:00,94975.1,95112.0,94840.3,94859.6,1239.173
2024-12-29 13:00:00,94859.6,94970.8,94680.0,94888.4,1280.988
2024-12-29 14:00:00,94888.4,95188.8,93923.8,94577.9,8285.079
2024-12-29 15:00:00,94577.9,94750.2,94357.9,94465.8,2072.562
2024-12-29 16:00:00,94465.8,94544.9,93450.1,93841.2,5832.597
2024-12-29 17:00:00,93841.2,94065.3,93726.9,93877.5,1986.996
2024-12-29 18:00:00,93877.5,93899.2,93521.5,93592.2,2921.58
2024-12-29 19:00:00,93592.2,93812.5,93233.0,93550.7,2380.263
2024-12-29 20:00:00,93550.7,93818.2,93299.0,93792.7,2359.477
2024-12-29 21:00:00,93792.7,93900.0,93063.1,93291.4,4051.651
2024-12-29 22:00:00,93291.4,93715.9,93000.0,93089.6,3375.592
2024-12-29 23:00:00,93089.6,93830.0,92926.7,93699.0,3820.404
2024-12-30 00:00:00,93699.0,93874.1,93450.1,93527.8,2451.782
2024-12-30 01:00:00,93527.8,94244.9,93313.3,93886.3,4751.048
2024-12-30 02:00:00,93886.3,93919.9,93364.8,93866.7,2487.193
2024-12-30 03:00:00,93866.7,94052.4,93600.3,93667.3,1557.136
2024-12-30 04:00:00,93667.3,93921.9,93218.0,93226.8,1775.316
2024-12-30 05:00:00,93226.8,93539.8,93163.8,93539.8,2010.163
2024-12-30 06:00:00,93539.8,94000.0,93455.0,93854.8,2555.62
2024-12-30 07:00:00,93854.8,93905.4,93267.7,93680.0,2174.145
2024-12-30 08:00:00,93680.0,93938.5,93671.4,93804.4,2467.863
2024-12-30 09:00:00,93804.4,93982.1,93623.3,93833.4,1872.605
2024-12-30 10:00:00,93833.4,94029.5,93672.1,93750.0,1503.422
2024-12-30 11:00:00,93750.0,93908.5,93417.3,93876.2,2411.001
2024-12-30 12:00:00,93876.2,94232.3,93659.1,93707.2,2997.553
2024-12-30 13:00:00,93707.2,93794.5,92550.0,92614.7,9732.934
2024-12-30 14:00:00,92614.7,93080.0,91740.5,91825.3,13988.79
2024-12-30 15:00:00,91825.3,92419.9,91463.7,92077.1,14412.765
2024-12-30 16:00:00,92077.1,92189.9,91751.0,92064.5,6147.42
2024-12-30 17:00:00,92064.5,94174.4,91908.4,93779.9,12664.844
2024-12-30 18:00:00,93779.9,94656.0,93532.0,94556.3,8073.222
2024-12-30 19:00:00,94556.3,94592.2,93902.7,94387.1,4181.111
2024-12-30 20:00:00,94387.1,95000.0,94243.5,94306.3,5724.868
2024-12-30 21:00:00,94306.3,94353.4,91831.4,92029.8,14356.379
2024-12-30 22:00:00,92029.8,93000.0,91887.6,92745.3,5322.142
2024-12-30 23:00:00,92745.3,92837.5,92312.5,92739.3,2838.746
2024-12-31 00:00:00,92739.3,92850.0,92312.6,92399.0,2519.033
2024-12-31 01:00:00,92399.0,92544.5,91981.4,92390.2,3225.417
2024-12-31 02:00:00,92390.2,92666.6,92242.5,92413.0,1762.524
2024-12-31 03:00:00,92413.0,92617.6,92189.8,92467.1,2645.9
2024-12-31 04:00:00,92467.1,92784.1,92305.3,92418.4,2021.838
2024-12-31 05:00:00,92418.4,92709.7,92301.1,92552.9,1580.756
2024-12-31 06:00:00,92552.9,92989.7,92521.0,92777.2,2547.104
2024-12-31 07:00:00,92777.2,92870.1,92717.2,92811.7,1544.239
2024-12-31 08:00:00,92811.7,94700.0,92790.0,93870.3,10065.128
2024-12-31 09:00:00,93870.3,94115.3,93764.0,93990.0,3194.42
2024-12-31 10:00:00,93990.0,94230.9,93608.7,94063.0,4307.445
2024-12-31 11:00:00,94063.0,94265.5,93950.0,94201.5,2195.299
2024-12-31 12:00:00,94201.5,94920.0,94201.5,94510.2,6008.269
2024-12-31 13:00:00,94510.2,96050.1,94480.3,95552.1,10792.424
2024-12-31 14:00:00,95552.1,96322.1,95329.4,95657.5,7676.229
2024-12-31 15:00:00,95657.5,95972.5,94880.8,95385.1,7209.51
2024-12-31 16:00:00,95385.1,95585.2,94559.8,94834.2,4993.917
2024-12-31 17:00:00,94834.2,95033.1,93138.2,94087.2,9668.382
2024-12-31 18:00:00,94087.2,94365.7,93750.1,93850.1,3687.501
2024-12-31 19:00:00,93850.1,94249.7,93648.0,94140.8,2616.786
2024-12-31 20:00:00,94140.8,94212.6,93390.0,93537.7,3249.4
2024-12-31 21:00:00,93537.7,93936.1,93441.6,93856.6,1951.361
2024-12-31 22:00:00,93856.6,93856.6,93329.7,93460.1,1541.15
2024-12-31 23:00:00,93460.1,93720.0,93331.2,93530.0,1556.522
2025-01-01 00:00:00,93530.0,94457.9,93451.0,94343.2,3153.341
2025-01-01 01:00:00,94343.2,94360.0,93537.3,93575.2,2561.427
2025-01-01 02:00:00,93575.2,94066.7,93550.0,94056.3,1104.863
2025-01-01 03:00:00,94056.3,94057.5,93679.7,93802.0,919.441
2025-01-01 04:00:00,93802.0,93802.0,93472.9,93523.3,1166.151
2025-01-01 05:00:00,93523.3,93909.3,93500.6,93755.9,1233.204
2025-01-01 06:00:00,93755.9,93756.4,93516.5,93720.1,861.11
2025-01-01 07:00:00,93720.1,93774.1,93601.6,93642.7,859.776
2025-01-01 08:00:00,93642.7,93737.7,93250.5,93375.0,2072.463
2025-01-01 09:00:00,93375.0,93438.9,92840.0,93368.4,3900.419
2025-01-01 10:00:00,93368.4,93510.0,93239.8,93297.8,1596.828
2025-01-01 11:00:00,93297.8,93674.8,93155.5,93393.3,1991.185
2025-01-01 12:00:00,93393.3,93961.5,93351.2,93772.2,2377.623
2025-01-01 13:00:00,93772.2,94039.1,93561.9,93985.9,1637.873
2025-01-01 14:00:00,93985.9,94429.9,93604.2,94134.4,4793.719
2025-01-01 15:00:00,94134.4,94481.4,93851.4,94411.6,2298.89
2025-01-01 16:00:00,94411.6,94470.4,93891.9,94060.1,1957.371
2025-01-01 17:00:00,94060.1,94164.6,93687.7,94106.0,1600.265
2025-01-01 18:00:00,94106.0,94357.7,93881.3,94300.0,1120.851
2025-01-01 19:00:00,94300.0,94786.8,94100.0,94583.4,2381.442
2025-01-01 20:00:00,94583.4,94863.8,94540.1,94751.4,1963.573
2025-01-01 21:00:00,94751.4,95158.4,94646.7,94946.9,2091.371
2025-01-01 22:00:00,94946.9,94982.1,94639.2,94761.1,1507.954
2025-01-01 23:00:00,94761.1,94943.4,94500.0,94564.6,1679.23
2025-01-02 00:00:00,94564.6,95355.0,94339.9,95104.9,4471.319
2025-01-02 01:00:00,95104.9,95515.7,94688.9,94844.5,3562.47
2025-01-02 02:00:00,94844.5,95220.8,94771.6,95217.0,1694.473
2025-01-02 03:00:00,95217.0,95286.0,94881.1,94985.8,1085.773
2025-01-02 04:00:00,94985.8,95987.5,94957.8,95685.8,4479.418
2025-01-02 05:00:00,95685.8,95775.2,95346.8,95556.6,2219.185
2025-01-02 06:00:00,95556.6,95673.5,95334.7,95547.1,1137.792
2025-01-02 07:00:00,95547.1,95877.2,95468.0,95799.9,1681.211
2025-01-02 08:00:00,95799.9,96200.0,95591.5,96115.0,3393.05
2025-01-02 09:00:00,96115.0,96774.0,96005.2,96716.4,4259.238
2025-01-02 10:00:00,96716.4,96799.9,96489.5,96686.5,3067.978
2025-01-02 11:00:00,96686.5,96869.8,96450.0,96717.7,2515.292
2025-01-02 12:00:00,96717.7,96894.9,96572.2,96825.0,2183.916
2025-01-02 13:00:00,96825.0,97000.0,96400.0,96431.4,3554.687
2025-01-02 14:00:00,96431.4,97400.0,95889.7,97238.1,15066.589
2025-01-02 15:00:00,97238.1,97305.4,96126.5,96427.0,8867.892
2025-01-02 16:00:00,96427.0,97685.0,96003.0,97195.2,7855.715
2025-01-02 17:00:00,97195.2,97573.6,96300.0,96729.2,5948.693
2025-01-02 18:00:00,96729.2,97339.8,96354.5,97288.2,4502.017
2025-01-02 19:00:00,97288.2,97764.0,97156.3,97294.1,4377.761
2025-01-02 20:00:00,97294.1,97844.8,97236.0,97248.1,3987.762
2025-01-02 21:00:00,97248.1,97306.0,96987.0,97163.5,2107.581
2025-01-02 22:00:00,97163.5,97163.5,96618.3,96850.2,2718.573
2025-01-02 23:00:00,96850.2,97069.8,96736.2,96960.5,1288.549
2025-01-03 00:00:00,96960.5,97049.4,96735.6,96796.3,1706.645
2025-01-03 01:00:00,96796.3,96984.0,96605.3,96952.3,1429.417
2025-01-03 02:00:00,96952.3,97329.6,96815.8,96939.8,1847.897
2025-01-03 03:00:00,96939.8,97064.7,96779.1,97024.2,898.445
2025-01-03 04:00:00,97024.2,97042.8,96725.0,96777.6,977.381
2025-01-03 05:00:00,96777.6,96831.8,96544.4,96729.4,1503.435
2025-01-03 06:00:00,96729.4,96889.1,96470.0,96512.8,1410.337
2025-01-03 07:00:00,96512.8,96611.9,96253.5,96283.3,2341.925
2025-01-03 08:00:00,96283.3,96498.8,96062.1,96092.3,2421.772
2025-01-03 09:00:00,96092.3,96688.0,96067.8,96518.1,2361.041
2025-01-03 10:00:00,96518.1,96619.7,96372.1,96453.5,1285.598
2025-01-03 11:00:00,96453.5,96810.7,96444.1,96715.4,1663.778
2025-01-03 12:00:00,96715.4,96912.3,96630.0,96630.0,1907.867
2025-01-03 13:00:00,96630.0,96818.8,96432.0,96470.7,1902.078
2025-01-03 14:00:00,96470.7,97317.1,96470.7,96977.7,6079.019
2025-01-03 15:00:00,96977.7,97631.5,96705.5,97491.8,6084.899
2025-01-03 16:00:00,97491.8,98400.0,97360.2,97828.8,7957.242
2025-01-03 17:00:00,97828.8,98265.2,97788.9,97983.6,2400.119
2025-01-03 18:00:00,97983.6,98664.3,97955.0,98495.5,3206.627
2025-01-03 19:00:00,98495.5,98950.0,98456.9,98555.2,3850.534
2025-01-03 20:00:00,98555.2,98709.0,98234.8,98252.7,2895.827
2025-01-03 21:00:00,98252.7,98380.1,98131.4,98208.7,1797.438
2025-01-03 22:00:00,98208.7,98493.8,98183.4,98260.1,1198.751
2025-01-03 23:00:00,98260.1,98345.2,98016.9,98140.0,1220.788
2025-01-04 00:00:00,98140.0,98251.8,97850.6,97910.2,1471.944
2025-01-04 01:00:00,97910.2,98073.2,97750.0,97986.3,1245.718
2025-01-04 02:00:00,97986.3,98275.2,97807.3,98262.2,1147.582
2025-01-04 03:00:00,98262.2,98262.2,97993.4,98144.1,778.069
2025-01-04 04:00:00,98144.1,98151.1,97832.8,97968.8,1034.297
2025-01-04 05:00:00,97968.8,98150.0,97948.2,98081.6,1003.506
2025-01-04 06:00:00,98081.6,98212.7,98001.0,98091.6,593.419
2025-01-04 07:00:00,98091.6,98298.6,98060.0,98235.0,900.002
2025-01-04 08:00:00,98235.0,98268.2,97870.1,97877.7,1160.326
2025-01-04 09:00:00,97877.7,97964.2,97502.1,97661.3,2141.543
2025-01-04 10:00:00,97661.3,97829.0,97561.2,97745.9,1082.801
2025-01-04 11:00:00,97745.9,97890.0,97661.8,97848.4,731.627
2025-01-04 12:00:00,97848.4,97982.3,97750.1,97842.7,1330.519
2025-01-04 13:00:00,97842.7,98029.7,97704.1,97929.9,1514.654
2025-01-04 14:00:00,97929.9,98039.8,97784.0,97995.0,978.383
2025-01-04 15:00:00,97995.0,98122.7,97442.8,97617.4,2741.601
2025-01-04 16:00:00,97617.4,97821.4,97527.7,97676.7,1472.865
2025-01-04 17:00:00,97676.7,98011.0,97640.7,97973.2,1040.566
2025-01-04 18:00:00,97973.2,98117.9,97854.6,97925.1,1035.92
2025-01-04 19:00:00,97925.1,98380.7,97888.0,98129.3,1881.375
2025-01-04 20:00:00,98129.3,98650.0,98129.2,98571.9,2165.245
2025-01-04 21:00:00,98571.9,98759.6,98291.2,98336.3,1967.229
2025-01-04 22:00:00,98336.3,98466.1,98229.8,98367.5,805.712
2025-01-04 23:00:00,98367.5,98395.6,98105.0,98177.2,806.374
2025-01-05 00:00:00,98177.2,98370.0,98106.2,98175.9,818.687
2025-01-05 01:00:00,98175.9,98287.0,98011.0,98098.5,773.978
2025-01-05 02:00:00,98098.5,98215.2,98060.4,98209.4,478.191
2025-01-05 03:00:00,98209.4,98209.4,98033.0,98161.7,434.565
2025-01-05 04:00:00,98161.7,98516.0,98161.7,98332.4,1411.838
2025-01-05 05:00:00,98332.4,98475.0,98235.0,98311.4,581.239
2025-01-05 06:00:00,98311.4,98467.0,98256.9,98419.4,547.01
2025-01-05 07:00:00,98419.4,98446.4,98227.3,98227.4,577.667
2025-01-05 08:00:00,98227.4,98227.4,97727.7,97814.5,3307.693
2025-01-05 09:00:00,97814.5,97902.3,97573.9,97616.4,2087.895
2025-01-05 10:00:00,97616.4,97735.3,97543.0,97690.0,1618.759
2025-01-05 11:00:00,97690.0,97801.0,97574.3,97607.6,1089.602
2025-01-05 12:00:00,97607.6,97918.0,97513.8,97720.0,1844.32
2025-01-05 13:00:00,97720.0,97980.0,97606.8,97662.9,1460.956
2025-01-05 14:00:00,97662.9,97947.3,97216.0,97810.0,5490.26
2025-01-05 15:00:00,97810.0,98245.7,97673.2,97990.1,3278.752
2025-01-05 16:00:00,97990.1,98308.6,97887.1,97996.3,1633.796
2025-01-05 17:00:00,97996.3,98049.8,97600.1,97700.0,1698.399
2025-01-05 18:00:00,97700.0,97898.5,97536.7,97872.0,1359.549
2025-01-05 19:00:00,97872.0,98100.0,97808.4,98049.2,1117.702
2025-01-05 20:00:00,98049.2,98651.9,97977.5,98237.4,3381.415
2025-01-05 21:00:00,98237.4,98499.9,98180.4,98472.0,956.782
2025-01-05 22:00:00,98472.0,98798.0,98303.6,98656.2,1508.183
2025-01-05 23:00:00,98656.2,98828.5,98271.2,98340.5,1987.893
2025-01-06 00:00:00,98340.5,98755.6,98146.5,98183.9,2413.3
2025-01-06 01:00:00,98183.9,98790.6,97861.0,98716.6,3172.766
2025-01-06 02:00:00,98716.6,99282.2,98606.8,98780.0,6631.723
2025-01-06 03:00:00,98780.0,99222.7,98710.0,99001.7,2125.208
2025-01-06 04:00:00,99001.7,99473.5,99001.7,99429.5,2886.557
2025-01-06 05:00:00,99429.5,99877.7,99364.9,99580.0,4806.417
2025-01-06 06:00:00,99580.0,99771.0,99400.0,99468.2,2877.561
2025-01-06 07:00:00,99468.2,99508.2,99115.0,99275.0,2488.339
2025-01-06 08:00:00,99275.0,99608.1,98949.1,99017.4,3018.525
2025-01-06 09:00:00,99017.4,99225.1,98920.5,98979.1,1287.847
2025-01-06 10:00:00,98979.1,99049.9,98679.2,98742.6,2820.612
2025-01-06 11:00:00,98742.6,99400.0,98683.4,99238.8,3264.082
2025-01-06 12:00:00,99238.8,99700.0,99100.1,99120.0,3009.585
2025-01-06 13:00:00,99120.0,99538.5,98862.1,99460.3,3721.421
2025-01-06 14:00:00,99460.3,101281.0,98612.2,100692.4,18631.53
2025-01-06 15:00:00,100692.4,102471.7,100428.1,102117.4,17532.823
2025-01-06 16:00:00,102117.4,102459.4,101697.3,102132.7,8932.625
2025-01-06 17:00:00,102132.7,102141.7,101210.0,101788.0,5846.338
2025-01-06 18:00:00,101788.0,102020.0,101523.4,101702.4,2307.703
2025-01-06 19:00:00,101702.4,101996.0,101585.8,101761.6,1550.336
2025-01-06 20:00:00,101761.6,102291.7,101736.8,102056.1,3331.621
2025-01-06 21:00:00,102056.1,102276.5,101515.0,101545.7,2030.827
2025-01-06 22:00:00,101545.7,102041.8,101535.4,101956.4,1362.863
2025-01-06 23:00:00,101956.4,102198.9,101850.0,102185.9,1185.079
2025-01-07 00:00:00,102185.9,102702.1,101891.2,101996.9,4168.316
2025-01-07 01:00:00,101996.9,102027.1,101649.6,101869.3,1874.591
2025-01-07 02:00:00,101869.3,101979.4,101590.9,101623.3,1173.704
2025-01-07 03:00:00,101623.3,101780.1,101454.1,101650.9,1908.844
2025-01-07 04:00:00,101650.9,101883.8,101615.0,101615.1,944.344
2025-01-07 05:00:00,101615.1,101733.4,101524.7,101686.9,1037.101
2025-01-07 06:00:00,101686.9,101850.0,101580.1,101760.0,956.959
2025-01-07 07:00:00,101760.0,101975.0,101604.1,101646.2,1300.764
2025-01-07 08:00:00,101646.2,101966.0,101578.6,101872.0,1349.815
2025-01-07 09:00:00,101872.0,101895.4,101596.5,101667.1,1200.567
2025-01-07 10:00:00,101667.1,101667.1,101333.3,101358.6,2512.91
2025-01-07 11:00:00,101358.6,101426.3,100441.0,100796.4,7231.904
2025-01-07 12:00:00,100796.4,100923.9,100567.6,100719.5,2663.674
2025-01-07 13:00:00,100719.5,100955.5,100575.9,100606.0,2902.668
2025-01-07 14:00:00,100606.0,100827.2,99709.0,99938.6,13846.453
2025-01-07 15:00:00,99938.6,100165.2,97088.0,97905.1,41252.163
2025-01-07 16:00:00,97905.1,98329.8,97558.2,97695.3,9886.393
2025-01-07 17:00:00,97695.3,97772.4,96500.0,97242.4,13671.76
2025-01-07 18:00:00,97242.4,97514.2,96568.3,96720.5,6048.358
2025-01-07 19:00:00,96720.5,97157.5,96159.2,96415.7,7229.891
2025-01-07 20:00:00,96415.7,96850.0,96113.4,96494.5,8008.508
2025-01-07 21:00:00,96494.5,97051.7,96350.0,96461.3,4842.182
2025-01-07 22:00:00,96461.3,97188.8,96355.8,97127.4,2534.229
2025-01-07 23:00:00,97127.4,97155.0,96750.0,96908.1,2114.728
2025-01-08 00:00:00,96908.1,97224.3,96623.7,97208.7,2713.961
2025-01-08 01:00:00,97208.7,97209.6,96559.8,96853.1,2454.519
2025-01-08 02:00:00,96853.1,97133.6,96719.8,96808.8,2126.223
2025-01-08 03:00:00,96808.8,96809.7,96165.4,96487.5,5342.281
2025-01-08 04:00:00,96487.5,96599.4,95830.1,96231.3,5876.29
2025-01-08 05:00:00,96231.3,96623.5,96016.3,96445.9,2916.59
2025-01-08 06:00:00,96445.9,96599.4,95209.0,95239.2,8022.009
2025-01-08 07:00:00,95239.2,95794.0,95202.3,95608.9,4691.751
2025-01-08 08:00:00,95608.9,96095.9,95475.5,95894.5,3562.61
2025-01-08 09:00:00,95894.5,96061.0,95363.6,95383.5,3477.916
2025-01-08 10:00:00,95383.5,95968.9,95383.4,95911.2,3271.509
2025-01-08 11:00:00,95911.2,96012.8,94458.0,95101.8,11521.298
2025-01-08 12:00:00,95101.8,95332.5,94800.0,94842.1,5462.581
2025-01-08 13:00:00,94842.1,95642.3,94842.1,95348.0,5983.553
2025-01-08 14:00:00,95348.0,95837.8,94820.4,95251.0,9490.574
2025-01-08 15:00:00,95251.0,96037.9,94571.0,95455.3,13831.404
2025-01-08 16:00:00,95455.3,95457.8,94503.7,94754.7,5768.086
2025-01-08 17:00:00,94754.7,94819.0,92378.5,93957.6,28516.724
2025-01-08 18:00:00,93957.6,95082.1,93705.0,94195.7,10487.455
2025-01-08 19:00:00,94195.7,94817.3,94008.8,94211.6,6798.048
2025-01-08 20:00:00,94211.6,94384.9,93703.1,93947.4,4557.249
2025-01-08 21:00:00,93947.4,94550.0,93530.5,94408.4,3952.488
2025-01-08 22:00:00,94408.4,95254.5,94401.2,95247.5,3973.451
2025-01-08 23:00:00,95247.5,95251.9,94850.0,95022.2,1536.526
2025-01-09 00:00:00,95022.2,95140.2,94760.0,95110.9,1778.001
2025-01-09 01:00:00,95110.9,95356.6,94931.1,94946.9,1935.142
2025-01-09 02:00:00,94946.9,94999.3,93374.9,94732.5,14580.863
2025-01-09 03:00:00,94732.5,94758.2,93955.6,93966.1,3530.596
2025-01-09 04:00:00,93966.1,94450.0,93736.0,94370.2,3040.266
2025-01-09 05:00:00,94370.2,94540.3,94225.0,94438.7,1660.184
2025-01-09 06:00:00,94438.7,94588.6,94001.0,94052.3,1813.133
2025-01-09 07:00:00,94052.3,94264.7,93089.4,93175.6,5075.48
2025-01-09 08:00:00,93175.6,93360.0,92705.0,92979.5,7271.242
2025-01-09 09:00:00,92979.5,93694.1,92916.0,93464.6,2829.436
2025-01-09 10:00:00,93464.6,93623.1,92980.1,93416.0,2673.379
2025-01-09 11:00:00,93416.0,93827.2,93150.0,93410.1,3226.832
2025-01-09 12:00:00,93410.1,93648.3,93103.0,93369.0,2985.39
2025-01-09 13:00:00,93369.0,93450.7,91825.0,91933.7,11600.575
2025-01-09 14:00:00,91933.7,92868.0,91738.0,92815.1,9734.024
2025-01-09 15:00:00,92815.1,94555.0,92637.2,94210.8,11830.334
2025-01-09 16:00:00,94210.8,94666.0,93806.6,94219.0,6302.303
2025-01-09 17:00:00,94219.0,94259.7,92262.6,92635.6,8838.853
2025-01-09 18:00:00,92635.6,93198.5,92334.3,92976.1,5189.437
2025-01-09 19:00:00,92976.1,93246.0,91850.0,91859.5,5880.459
2025-01-09 20:00:00,91859.5,92329.0,91151.0,91866.4,13085.16
2025-01-09 21:00:00,91866.4,92484.4,91754.0,92062.3,4764.129
2025-01-09 22:00:00,92062.3,92699.2,91591.0,92419.2,3793.553
2025-01-09 23:00:00,92419.2,92679.5,92000.2,92507.7,3290.995
2025-01-10 00:00:00,92507.7,92814.8,92406.6,92724.7,3092.272
2025-01-10 01:00:00,92724.7,93122.0,92536.8,93067.9,2246.545
2025-01-10 02:00:00,93067.9,93654.6,92982.0,93324.7,3116.784
2025-01-10 03:00:00,93324.7,93687.8,93270.6,93655.9,1527.503
2025-01-10 04:00:00,93655.9,93870.0,93457.9,93800.0,2737.193
2025-01-10 05:00:00,93800.0,94206.9,93599.8,93920.7,3382.395
2025-01-10 06:00:00,93920.7,94282.2,93684.3,94197.8,3030.796
2025-01-10 07:00:00,94197.8,94948.4,94027.1,94457.1,4817.084
2025-01-10 08:00:00,94457.1,94728.4,94342.1,94623.5,2694.877
2025-01-10 09:00:00,94623.5,94937.4,94524.0,94738.5,2648.55
2025-01-10 10:00:00,94738.5,95233.0,94699.6,95158.1,2924.639
2025-01-10 11:00:00,95158.1,95204.0,94566.8,95019.8,3803.069
2025-01-10 12:00:00,95019.8,95079.9,94666.0,94989.5,2894.808
2025-01-10 13:00:00,94989.5,94989.5,92700.0,93513.6,23584.13
2025-01-10 14:00:00,93513.6,94697.9,93370.5,94083.5,16157.782
2025-01-10 15:00:00,94083.5,94508.9,92161.2,93695.9,21464.255
2025-01-10 16:00:00,93695.9,94009.0,93153.9,93620.6,8693.856
2025-01-10 17:00:00,93620.6,95873.6,93290.1,95767.1,10031.584
2025-01-10 18:00:00,95767.1,95767.1,94527.9,94808.4,8887.735
2025-01-10 19:00:00,94808.4,95356.8,94355.2,95275.4,3885.396
2025-01-10 20:00:00,95275.4,95416.6,94534.1,94620.7,4396.183
2025-01-10 21:00:00,94620.7,94901.9,94544.4,94571.3,1655.948
2025-01-10 22:00:00,94571.3,94955.0,94540.1,94728.8,1411.468
2025-01-10 23:00:00,94728.8,94867.9,94606.0,94684.2,964.913
2025-01-11 00:00:00,94684.2,94709.7,94267.6,94560.8,2476.533
2025-01-11 01:00:00,94560.8,94667.2,94176.9,94389.9,1254.326
2025-01-11 02:00:00,94389.9,94464.0,94131.9,94372.5,1172.408
2025-01-11 03:00:00,94372.5,94397.9,94054.9,94163.1,1133.161
2025-01-11 04:00:00,94163.1,94266.7,93800.0,94024.2,1920.428
2025-01-11 05:00:00,94024.2,94350.0,93970.1,94323.5,1437.213
2025-01-11 06:00:00,94323.5,94409.5,94163.0,94167.6,1081.293
2025-01-11 07:00:00,94167.6,94299.7,94104.8,94204.3,725.648
2025-01-11 08:00:00,94204.3,94379.5,93981.0,94035.5,1274.438
2025-01-11 09:00:00,94035.5,94295.3,94000.6,94293.3,845.234
2025-01-11 10:00:00,94293.3,94490.3,94265.8,94449.3,1353.161
2025-01-11 11:00:00,94449.3,94750.0,94416.9,94574.6,1756.577
2025-01-11 12:00:00,94574.6,94611.2,94488.3,94509.4,1041.333
2025-01-11 13:00:00,94509.4,94570.9,94300.0,94349.2,1384.333
2025-01-11 14:00:00,94349.2,94608.0,94258.7,94571.0,1137.115
2025-01-11 15:00:00,94571.0,94608.8,94326.5,94371.5,915.972
2025-01-11 16:00:00,94371.5,94696.5,94264.9,94418.0,1813.653
2025-01-11 17:00:00,94418.0,94418.0,93888.3,94125.7,2448.819
2025-01-11 18:00:00,94125.7,94284.8,94067.0,94232.3,974.813
2025-01-11 19:00:00,94232.3,94310.3,94035.5,94201.1,670.619
2025-01-11 20:00:00,94201.1,94649.9,94142.1,94572.0,1687.305
2025-01-11 21:00:00,94572.0,94991.9,94533.1,94896.0,2157.698
2025-01-11 22:00:00,94896.0,94945.1,94521.5,94554.8,1281.711
2025-01-11 23:00:00,94554.8,94728.2,94501.0,94569.4,868.893
2025-01-12 00:00:00,94569.4,94626.9,94383.6,94411.3,925.476
2025-01-12 01:00:00,94411.3,94559.5,94255.0,94538.4,853.103
2025-01-12 02:00:00,94538.4,94637.2,94434.6,94585.6,520.999
2025-01-12 03:00:00,94585.6,94663.9,94361.8,94587.3,533.113
2025-01-12 04:00:00,94587.3,94610.2,94454.2,94540.3,341.227
2025-01-12 05:00:00,94540.3,94595.3,94452.3,94520.1,278.229
2025-01-12 06:00:00,94520.1,94577.3,94324.0,94328.7,599.131
2025-01-12 07:00:00,94328.7,94413.8,94210.3,94295.1,794.441
2025-01-12 08:00:00,94295.1,94358.6,94069.0,94140.0,1192.324
2025-01-12 09:00:00,94140.0,94202.4,93660.0,93862.8,2540.608
2025-01-12 10:00:00,93862.8,94026.2,93782.4,93973.9,1488.826
2025-01-12 11:00:00,93973.9,94320.0,93970.1,94211.2,1719.055
2025-01-12 12:00:00,94211.2,94592.4,94120.6,94299.7,2180.205
2025-01-12 13:00:00,94299.7,94730.2,94257.0,94623.8,2111.312
2025-01-12 14:00:00,94623.8,94963.9,94623.8,94780.0,2191.065
2025-01-12 15:00:00,94780.0,95439.9,94640.0,95043.8,5341.668
2025-01-12 16:00:00,95043.8,95109.2,94769.4,95022.3,1928.994
2025-01-12 17:00:00,95022.3,95240.9,94936.8,95096.8,1125.857
2025-01-12 18:00:00,95096.8,95283.7,94866.7,94961.7,1188.28
2025-01-12 19:00:00,94961.7,95037.1,94540.2,94632.4,1809.217
2025-01-12 20:00:00,94632.4,94782.7,94558.3,94658.0,781.805
2025-01-12 21:00:00,94658.0,94692.3,94256.6,94303.8,1606.678
2025-01-12 22:00:00,94303.8,94330.2,93740.0,93929.8,3231.153
2025-01-12 23:00:00,93929.8,94546.8,93910.6,94510.0,2532.941
2025-01-13 00:00:00,94510.0,95954.8,94406.0,95285.4,7887.206
2025-01-13 01:00:00,95285.4,95373.0,94056.3,94177.9,6807.35
2025-01-13 02:00:00,94177.9,94475.0,93868.4,94170.0,3855.937
2025-01-13 03:00:00,94170.0,94387.9,93926.2,94217.1,2169.932
2025-01-13 04:00:00,94217.1,94888.2,94144.1,94463.6,3513.085
2025-01-13 05:00:00,94463.6,94514.4,94010.0,94135.7,2211.919
2025-01-13 06:00:00,94135.7,94311.5,93151.0,93600.1,7428.097
2025-01-13 07:00:00,93600.1,93993.0,93422.5,93557.9,4318.551
2025-01-13 08:00:00,93557.9,93621.2,92850.0,93000.0,4836.825
2025-01-13 09:00:00,93000.0,93151.9,92566.8,92805.0,5423.068
2025-01-13 10:00:00,92805.0,92853.8,91321.0,91594.1,11696.248
2025-01-13 11:00:00,91594.1,91752.6,90769.0,90811.9,11022.671
2025-01-13 12:00:00,90811.9,91500.0,90250.0,90696.5,14849.645
2025-01-13 13:00:00,90696.5,91756.0,90544.8,91080.9,10461.258
2025-01-13 14:00:00,91080.9,92249.8,89100.0,91784.8,28077.046
2025-01-13 15:00:00,91784.8,93050.9,91512.1,92081.1,13535.328
2025-01-13 16:00:00,92081.1,92241.4,91200.9,91302.1,9768.011
2025-01-13 17:00:00,91302.1,92263.7,91200.0,91944.0,6499.829
2025-01-13 18:00:00,91944.0,92388.0,91564.1,92037.6,6512.493
2025-01-13 19:00:00,92037.6,92500.0,91548.0,92260.7,7450.425
2025-01-13 20:00:00,92260.7,93800.0,91839.2,93545.1,9132.764
2025-01-13 21:00:00,93545.1,94442.8,93349.6,94172.8,7947.464
2025-01-13 22:00:00,94172.8,94700.0,94118.3,94370.4,4165.619
2025-01-13 23:00:00,94370.4,94601.5,94152.5,94508.2,2724.035
2025-01-14 00:00:00,94508.2,94857.0,94330.3,94462.5,3946.468
2025-01-14 01:00:00,94462.5,95050.0,94448.2,94814.4,3655.397
2025-01-14 02:00:00,94814.4,95285.1,94706.6,94877.7,3137.823
2025-01-14 03:00:00,94877.7,95101.3,94765.8,94849.3,1675.552
2025-01-14 04:00:00,94849.3,95137.4,94800.0,95104.5,1701.479
2025-01-14 05:00:00,95104.5,95484.3,94850.0,94911.3,2740.497
2025-01-14 06:00:00,94911.3,95014.2,94714.4,95014.1,1889.726
2025-01-14 07:00:00,95014.1,95149.9,94817.7,94838.4,1712.564
2025-01-14 08:00:00,94838.4,95811.0,94838.4,95471.5,5244.988
2025-01-14 09:00:00,95471.5,97395.5,95436.3,97150.0,12964.889
2025-01-14 10:00:00,97150.0,97181.8,96552.3,96655.5,6198.611
2025-01-14 11:00:00,96655.5,96694.0,96311.0,96526.2,3796.259
2025-01-14 12:00:00,96526.2,96696.6,95970.0,95970.0,3897.421
2025-01-14 13:00:00,95970.0,97247.9,95712.1,96303.9,12172.958
2025-01-14 14:00:00,96303.9,97220.0,95960.5,96257.8,9193.234
2025-01-14 15:00:00,96257.8,96950.9,96150.1,96415.4,5344.88
2025-01-14 16:00:00,96415.4,96415.5,95308.8,95709.1,8929.938
2025-01-14 17:00:00,95709.1,96571.9,95537.8,96492.5,5077.999
2025-01-14 18:00:00,96492.5,96942.5,96240.9,96733.2,3340.236
2025-01-14 19:00:00,96733.2,97064.0,96440.1,96518.1,2977.237
2025-01-14 20:00:00,96518.1,96899.5,96100.0,96461.9,4055.038
2025-01-14 21:00:00,96461.9,96642.8,96269.9,96439.1,1690.615
2025-01-14 22:00:00,96439.1,96700.0,96396.4,96640.2,767.049
2025-01-14 23:00:00,96640.2,96747.1,96450.0,96523.3,850.228
2025-01-15 00:00:00,96523.3,97336.9,96450.0,96851.8,3594.355
2025-01-15 01:00:00,96851.8,97548.7,96753.9,97293.1,3426.596
2025-01-15 02:00:00,97293.1,97412.0,96671.1,96773.8,2581.01
2025-01-15 03:00:00,96773.8,97297.9,96701.8,97281.3,1355.043
2025-01-15 04:00:00,97281.3,97691.7,97000.0,97150.0,3345.472
2025-01-15 05:00:00,97150.0,97205.0,96707.2,96989.9,2109.28
2025-01-15 06:00:00,96989.9,97123.9,96819.6,97065.7,1102.996
2025-01-15 07:00:00,97065.7,97567.0,97065.6,97255.8,2330.28
2025-01-15 08:00:00,97255.8,97499.0,97111.4,97158.5,2153.736
2025-01-15 09:00:00,97158.5,97324.4,96730.0,96782.4,2589.746
2025-01-15 10:00:00,96782.4,97099.9,96671.4,96899.9,1578.999
2025-01-15 11:00:00,96899.9,96905.9,96469.6,96722.3,2202.783
2025-01-15 12:00:00,96722.3,97159.8,96500.0,96901.4,3112.49
2025-01-15 13:00:00,96901.4,99000.0,96804.7,98927.7,20444.076
2025-01-15 14:00:00,98927.7,99489.0,98566.9,99400.7,12741.642
2025-01-15 15:00:00,99400.7,99765.0,98934.2,98955.1,8091.568
2025-01-15 16:00:00,98955.1,99472.2,98855.0,98970.0,3951.034
2025-01-15 17:00:00,98970.0,99300.0,98555.9,98600.0,3125.482
2025-01-15 18:00:00,98600.0,99423.0,98599.9,99420.0,2798.484
2025-01-15 19:00:00,99420.0,99942.5,99249.4,99807.5,4196.393
2025-01-15 20:00:00,99807.5,100700.0,99400.1,99504.4,11251.485
2025-01-15 21:00:00,99504.4,99820.1,99423.0,99630.0,2153.358
2025-01-15 22:00:00,99630.0,99799.9,99495.9,99681.0,1451.765
2025-01-15 23:00:00,99681.0,100500.0,99574.0,100465.0,3545.2
2025-01-16 00:00:00,100465.0,100866.1,99627.0,99839.7,6788.916
2025-01-16 01:00:00,99839.7,100177.6,99784.1,100044.8,2140.957
2025-01-16 02:00:00,100044.8,100097.7,99429.2,99599.9,2199.913
2025-01-16 03:00:00,99599.9,99809.0,99129.8,99437.5,2652.487
2025-01-16 04:00:00,99437.5,99664.9,99437.4,99586.9,812.536
2025-01-16 05:00:00,99586.9,99596.0,99314.2,99360.7,1201.757
2025-01-16 06:00:00,99360.7,99891.8,99293.1,99761.6,1917.305
2025-01-16 07:00:00,99761.6,99835.0,99606.3,99783.6,1063.726
2025-01-16 08:00:00,99783.6,99799.0,98599.9,98923.1,5026.15
2025-01-16 09:00:00,98923.1,99287.0,98600.9,99125.2,3541.744
2025-01-16 10:00:00,99125.2,99380.0,99082.8,99169.7,1733.905
2025-01-16 11:00:00,99169.7,99300.0,98688.0,99125.7,3448.606
2025-01-16 12:00:00,99125.7,99498.2,98853.2,99354.1,3516.098
2025-01-16 13:00:00,99354.1,99455.0,98747.0,99050.0,5080.85
2025-01-16 14:00:00,99050.0,99369.2,97452.7,97579.0,12631.918
2025-01-16 15:00:00,97579.0,99271.5,97291.0,99255.6,11172.911
2025-01-16 16:00:00,99255.6,99855.9,99029.5,99309.0,8789.028
2025-01-16 17:00:00,99309.0,100331.8,99134.2,99798.9,5456.431
2025-01-16 18:00:00,99798.9,100043.8,99210.6,99533.0,3051.469
2025-01-16 19:00:00,99533.0,100400.0,99356.4,100373.3,3877.011
2025-01-16 20:00:00,100373.3,100620.0,100221.0,100299.0,4058.872
2025-01-16 21:00:00,100299.0,100333.4,99657.6,100105.9,3456.367
2025-01-16 22:00:00,100105.9,100106.1,99331.0,99775.7,2454.652
2025-01-16 23:00:00,99775.7,100072.0,99684.9,99945.8,2464.937
2025-01-17 00:00:00,99945.8,100411.5,99906.1,100099.9,2712.989
2025-01-17 01:00:00,100099.9,101817.6,99969.9,101644.6,8303.289
2025-01-17 02:00:00,101644.6,102150.0,100758.4,101068.3,6078.729
2025-01-17 03:00:00,101068.3,101241.2,100902.2,101016.1,1949.731
2025-01-17 04:00:00,101016.1,101455.0,100907.6,101439.0,1677.292
2025-01-17 05:00:00,101439.0,101746.8,101274.8,101318.6,2377.152
2025-01-17 06:00:00,101318.6,101576.5,101283.1,101383.9,913.521
2025-01-17 07:00:00,101383.9,101911.9,101366.7,101410.4,2315.845
2025-01-17 08:00:00,101410.4,102199.9,101410.4,102100.0,4073.994
2025-01-17 09:00:00,102100.0,102269.3,101720.0,101833.4,2645.668
2025-01-17 10:00:00,101833.4,102579.3,101767.2,102315.8,3266.8
2025-01-17 11:00:00,102315.8,102436.9,102054.1,102205.4,1986.219
2025-01-17 12:00:00,102205.4,102957.2,102164.4,102727.8,5041.294
2025-01-17 13:00:00,102727.8,102968.4,102401.3,102443.3,4093.087
2025-01-17 14:00:00,102443.3,103358.0,102228.4,103357.9,10587.281
2025-01-17 15:00:00,103357.9,104219.8,103270.0,103988.4,14110.726
2025-01-17 16:00:00,103988.4,104999.5,103802.0,104950.3,9558.728
2025-01-17 17:00:00,104950.3,105278.0,103980.0,104106.7,8840.796
2025-01-17 18:00:00,104106.7,104895.0,104007.0,104800.4,4228.614
2025-01-17 19:00:00,104800.4,105815.8,104637.1,105788.5,9097.618
2025-01-17 20:00:00,105788.5,105806.4,104444.0,104642.8,7050.271
2025-01-17 21:00:00,104642.8,104988.2,104391.4,104559.4,3585.314
2025-01-17 22:00:00,104559.4,104651.7,104140.4,104366.0,1954.062
2025-01-17 23:00:00,104366.0,104498.2,104026.0,104048.8,1680.331
2025-01-18 00:00:00,104048.8,104617.0,104034.1,104610.7,2249.408
2025-01-18 01:00:00,104610.7,104610.8,104056.0,104223.1,1966.749
2025-01-18 02:00:00,104223.1,104468.8,104192.4,104285.1,809.127
2025-01-18 03:00:00,104285.1,104421.3,103008.0,103530.0,5341.605
2025-01-18 04:00:00,103530.0,103683.0,102630.0,103563.2,5556.396
2025-01-18 05:00:00,103563.2,103750.2,102778.3,102788.0,3979.355
2025-01-18 06:00:00,102788.0,103632.1,102780.1,103408.9,3147.259
2025-01-18 07:00:00,103408.9,103475.0,102545.5,102773.7,3013.266
2025-01-18 08:00:00,102773.7,103299.9,102244.0,103228.4,4802.47
2025-01-18 09:00:00,103228.4,103429.9,103005.9,103127.8,2662.745
2025-01-18 10:00:00,103127.8,103262.5,102800.1,103144.7,2470.537
2025-01-18 11:00:00,103144.7,103851.9,102900.0,103538.9,2775.529
2025-01-18 12:00:00,103538.9,103999.9,103337.6,103412.2,2251.796
2025-01-18 13:00:00,103412.2,104377.3,103076.7,104314.3,3229.287
2025-01-18 14:00:00,104314.3,104525.0,103666.0,103932.4,3941.751
2025-01-18 15:00:00,103932.4,104963.0,103709.3,104521.4,3848.269
2025-01-18 16:00:00,104521.4,104692.3,103107.3,103198.0,5698.581
2025-01-18 17:00:00,103198.0,104184.5,103197.9,103769.2,3146.238
2025-01-18 18:00:00,103769.2,104373.1,103759.6,104052.0,2917.859
2025-01-18 19:00:00,104052.0,104483.6,104029.8,104366.0,2121.949
2025-01-18 20:00:00,104366.0,104486.8,103734.2,103995.7,2426.406
2025-01-18 21:00:00,103995.7,104238.5,103826.1,103847.9,1911.419
2025-01-18 22:00:00,103847.9,104290.1,103826.0,104262.2,738.865
2025-01-18 23:00:00,104262.2,104738.6,104262.2,104520.0,2013.775
2025-01-19 00:00:00,104520.0,104520.0,104074.1,104079.9,1528.37
2025-01-19 01:00:00,104079.9,104655.4,103970.9,104452.6,1599.001
2025-01-19 02:00:00,104452.6,105431.1,104451.9,104835.0,3373.533
2025-01-19 03:00:00,104835.0,105154.0,104503.4,104955.1,2283.22
2025-01-19 04:00:00,104955.1,105221.4,104630.1,105004.0,2208.677
2025-01-19 05:00:00,105004.0,105115.8,104227.7,105099.8,2868.475
2025-01-19 06:00:00,105099.8,105618.8,104984.5,105539.1,2167.327
2025-01-19 07:00:00,105539.1,105580.6,104932.4,105158.7,2002.954
2025-01-19 08:00:00,105158.7,105158.7,104290.6,104400.8,3521.741
2025-01-19 09:00:00,104400.8,105442.4,103427.9,105273.8,7521.865
2025-01-19 10:00:00,105273.8,105285.1,104382.1,104807.6,2957.432
2025-01-19 11:00:00,104807.6,105345.4,104186.0,104344.9,3497.906
2025-01-19 12:00:00,104344.9,105029.3,104281.3,104908.2,3525.695
2025-01-19 13:00:00,104908.2,105295.2,104834.3,104953.8,2603.135
2025-01-19 14:00:00,104953.8,105700.0,104765.6,105128.9,4532.326
2025-01-19 15:00:00,105128.9,105213.6,104486.0,104904.0,3356.014
2025-01-19 16:00:00,104904.0,105202.2,104675.9,104909.2,2028.499
2025-01-19 17:00:00,104909.2,105125.0,104471.3,105100.0,3912.898
2025-01-19 18:00:00,105100.0,105251.7,104878.4,105024.6,2037.497
2025-01-19 19:00:00,105024.6,106250.0,104960.4,106231.4,4667.721
2025-01-19 20:00:00,106231.4,106476.5,105500.0,106294.3,5725.34
2025-01-19 21:00:00,106294.3,106394.8,103654.7,103680.0,11623.292
2025-01-19 22:00:00,103680.0,104488.0,101038.2,103400.0,17325.082
2025-01-19 23:00:00,103400.0,103400.0,99600.0,101310.7,26545.669
2025-01-20 00:00:00,101310.7,101678.6,99500.1,99757.6,13847.394
2025-01-20 01:00:00,99757.6,100956.8,99600.0,100671.6,9937.141
2025-01-20 02:00:00,100671.6,102305.5,100563.5,101911.0,7428.169
2025-01-20 03:00:00,101911.0,102199.1,101400.0,101880.0,4107.233
2025-01-20 04:00:00,101880.0,102796.0,101523.9,102200.1,3938.289
2025-01-20 05:00:00,102200.1,102827.7,102080.4,102333.3,3231.004
2025-01-20 06:00:00,102333.3,109951.7,102205.4,107542.7,29762.748
2025-01-20 07:00:00,107542.7,109614.0,106963.4,107172.9,28506.602
2025-01-20 08:00:00,107172.9,108426.0,107153.9,108348.4,6467.162
2025-01-20 09:00:00,108348.4,109237.2,107583.0,108178.5,7920.762
2025-01-20 10:00:00,108178.5,108784.1,107800.0,108000.1,4968.389
2025-01-20 11:00:00,108000.1,108599.8,107827.3,108271.9,2948.275
2025-01-20 12:00:00,108271.9,108767.6,105517.8,106947.6,20177.233
2025-01-20 13:00:00,106947.6,108166.0,106668.1,108005.9,7570.199
2025-01-20 14:00:00,108005.9,108180.0,107319.9,107926.0,4889.386
2025-01-20 15:00:00,107926.0,108057.1,104500.0,105000.0,16287.114
2025-01-20 16:00:00,105000.0,107089.2,103723.6,106703.9,18068.453
2025-01-20 17:00:00,106703.9,106805.6,100519.0,102978.4,75416.179
2025-01-20 18:00:00,102978.4,104500.0,102727.0,103928.8,10839.57
2025-01-20 19:00:00,103928.8,104000.0,102714.5,103693.3,7178.3
2025-01-20 20:00:00,103693.3,104343.2,103351.3,103649.6,4814.673
2025-01-20 21:00:00,103649.6,104079.0,102567.5,102599.9,3738.725
2025-01-20 22:00:00,102599.9,103816.0,101832.9,103589.5,6461.927
2025-01-20 23:00:00,103589.5,103688.5,101700.0,102258.7,9086.608
2025-01-21 00:00:00,102258.7,102678.9,101050.0,101180.9,9065.93
2025-01-21 01:00:00,101180.9,102219.6,100000.0,101485.3,13472.273
2025-01-21 02:00:00,101485.3,102781.8,101041.1,102522.1,5766.783
2025-01-21 03:00:00,102522.1,103250.0,102285.8,102915.8,4104.231
2025-01-21 04:00:00,102915.8,102949.9,101871.2,102324.9,4739.659
2025-01-21 05:00:00,102324.9,102514.3,101329.3,101358.1,3566.463
2025-01-21 06:00:00,101358.1,102171.7,101073.9,102161.9,4448.989
2025-01-21 07:00:00,102161.9,102464.0,101729.2,101962.7,3344.554
2025-01-21 08:00:00,101962.7,102488.0,101707.6,102432.7,2736.94
2025-01-21 09:00:00,102432.7,102875.0,102039.4,102680.1,3224.423
2025-01-21 10:00:00,102680.1,103386.7,102538.0,103145.9,4487.764
2025-01-21 11:00:00,103145.9,103978.9,103067.5,103745.9,4027.39
2025-01-21 12:00:00,103745.9,104777.0,103605.0,104504.7,6477.354
2025-01-21 13:00:00,104504.7,104983.7,104125.8,104455.7,4964.362
2025-01-21 14:00:00,104455.7,105340.4,103000.0,103271.2,13638.898
2025-01-21 15:00:00,103271.2,104097.5,102777.1,103931.7,8587.033
2025-01-21 16:00:00,103931.7,106579.7,103800.0,104965.9,17356.687
2025-01-21 17:00:00,104965.9,106418.4,104878.2,106169.9,7257.892
2025-01-21 18:00:00,106169.9,107265.6,105874.4,106848.1,7476.784
2025-01-21 19:00:00,106848.1,107229.5,106257.0,107008.2,4853.148
2025-01-21 20:00:00,107008.2,107211.0,105900.0,106100.0,5917.548
2025-01-21 21:00:00,106100.0,106826.8,105701.7,106768.8,4381.74
2025-01-21 22:00:00,106768.8,106771.8,105939.5,105972.1,3009.14
2025-01-21 23:00:00,105972.1,106297.9,105330.3,106133.3,5761.196
2025-01-22 00:00:00,106133.3,106332.6,105764.3,105926.2,3615.743
2025-01-22 01:00:00,105926.2,106387.4,105423.6,105785.5,3051.034
2025-01-22 02:00:00,105785.5,106197.9,105554.2,105579.4,1559.236
2025-01-22 03:00:00,105579.4,105908.6,105554.3,105588.9,1294.693
2025-01-22 04:00:00,105588.9,105808.8,105251.7,105571.8,1453.756
2025-01-22 05:00:00,105571.8,105857.1,105481.5,105687.3,1306.307
2025-01-22 06:00:00,105687.3,106020.0,105163.8,105370.4,3149.415
2025-01-22 07:00:00,105370.4,105671.4,105029.4,105063.5,2171.509
2025-01-22 08:00:00,105063.5,105376.5,104700.0,105264.4,4445.698
2025-01-22 09:00:00,105264.4,105264.4,104898.1,104987.7,2003.937
2025-01-22 10:00:00,104987.7,105148.4,104606.8,105117.6,2191.111
2025-01-22 11:00:00,105117.6,105463.2,104751.3,105112.6,3168.95
2025-01-22 12:00:00,105112.6,105568.0,105055.6,105265.1,2247.904
2025-01-22 13:00:00,105265.1,105355.4,103800.1,104065.7,6988.028
2025-01-22 14:00:00,104065.7,104979.4,103625.7,104391.7,11213.963
2025-01-22 15:00:00,104391.7,105150.6,103934.3,104152.5,6318.205
2025-01-22 16:00:00,104152.5,104206.7,103310.0,103688.6,7013.127
2025-01-22 17:00:00,103688.6,104593.5,103655.1,104327.7,4234.774
2025-01-22 18:00:00,104327.7,104690.3,103730.5,103880.1,2891.954
2025-01-22 19:00:00,103880.1,104742.0,103833.1,104613.8,2508.788
2025-01-22 20:00:00,104613.8,104830.0,103988.6,104275.3,3315.239
2025-01-22 21:00:00,104275.3,104342.0,103572.7,104060.9,2299.983
2025-01-22 22:00:00,104060.9,104487.3,103733.7,103834.1,2276.193
2025-01-22 23:00:00,103834.1,104105.9,103610.0,103670.4,2051.121
2025-01-23 00:00:00,103670.4,103780.0,103008.8,103268.1,3595.38
2025-01-23 01:00:00,103268.1,103641.3,102497.8,102910.7,5481.215
2025-01-23 02:00:00,102910.7,102965.3,102071.4,102616.6,5584.357
2025-01-23 03:00:00,102616.6,102979.8,102150.0,102411.6,2707.595
2025-01-23 04:00:00,102411.6,102455.6,101527.8,102011.0,5506.605
2025-01-23 05:00:00,102011.0,102593.4,101937.9,102490.6,2525.555
2025-01-23 06:00:00,102490.6,102933.4,102150.4,102228.0,2552.342
2025-01-23 07:00:00,102228.0,102735.8,102047.6,102659.0,2018.292
2025-01-23 08:00:00,102659.0,102669.6,102000.2,102173.4,2032.892
2025-01-23 09:00:00,102173.4,102438.0,101587.9,101627.7,3001.33
2025-01-23 10:00:00,101627.7,102040.7,101205.1,101651.7,4434.614
2025-01-23 11:00:00,101651.7,102165.8,101648.6,101921.5,2577.324
2025-01-23 12:00:00,101921.5,102117.3,101372.1,101601.5,3563.661
2025-01-23 13:00:00,101601.5,102696.6,101277.8,102475.0,5326.983
2025-01-23 14:00:00,102475.0,106053.4,101959.2,105199.7,25998.161
2025-01-23 15:00:00,105199.7,105785.8,102600.0,105235.5,41319.15
2025-01-23 16:00:00,105235.5,106875.0,104902.8,105104.1,26184.039
2025-01-23 17:00:00,105104.1,106231.9,104143.0,105911.3,10334.501
2025-01-23 18:00:00,105911.3,106147.2,105061.1,105395.5,5107.592
2025-01-23 19:00:00,105395.5,105479.9,103350.0,103736.6,9140.83
2025-01-23 20:00:00,103736.6,106400.0,102526.1,103235.6,54860.416
2025-01-23 21:00:00,103235.6,103363.5,102147.3,103006.9,10211.401
2025-01-23 22:00:00,103006.9,104686.7,102913.4,103937.8,7116.272
2025-01-23 23:00:00,103937.8,104481.0,103713.8,103862.4,2490.992
2025-01-24 00:00:00,103862.4,104114.3,103374.3,103413.0,2338.695
2025-01-24 01:00:00,103413.0,103873.0,103017.7,103183.3,2373.94
2025-01-24 02:00:00,103183.3,103492.8,102910.0,102973.6,1731.268
2025-01-24 03:00:00,102973.6,104240.0,102691.8,103831.5,4545.331
2025-01-24 04:00:00,103831.5,104900.0,103747.6,104577.8,3184.682
2025-01-24 05:00:00,104577.8,105258.7,104474.7,105178.3,2840.01
2025-01-24 06:00:00,105178.3,105316.0,104582.0,104948.9,2072.591
2025-01-24 07:00:00,104948.9,105150.0,104630.0,105008.8,2014.25
2025-01-24 08:00:00,105008.8,105620.6,104891.5,105473.3,2683.219
2025-01-24 09:00:00,105473.3,105733.4,104978.1,105112.4,3109.271
2025-01-24 10:00:00,105112.4,105406.2,105003.5,105382.2,1941.556
2025-01-24 11:00:00,105382.2,105499.3,105192.4,105384.1,1370.519
2025-01-24 12:00:00,105384.1,105572.1,105140.0,105505.0,1649.879
2025-01-24 13:00:00,105505.0,105775.7,104859.0,105077.8,3291.8
2025-01-24 14:00:00,105077.8,106319.3,104622.3,105728.7,8464.159
2025-01-24 15:00:00,105728.7,105977.0,105215.2,105827.8,5035.61
2025-01-24 16:00:00,105827.8,106176.3,105532.2,105611.9,4785.952
2025-01-24 17:00:00,105611.9,106681.7,105569.9,106432.4,4939.793
2025-01-24 18:00:00,106432.4,107118.6,106048.0,106304.3,7365.638
2025-01-24 19:00:00,106304.3,106596.0,105642.9,105734.3,3968.991
2025-01-24 20:00:00,105734.3,105755.3,104681.1,104814.5,5540.04
2025-01-24 21:00:00,104814.5,105355.0,104814.5,105069.0,2479.604
2025-01-24 22:00:00,105069.0,105420.1,104641.3,104720.7,2232.023
2025-01-24 23:00:00,104720.7,104877.5,104386.7,104800.1,3063.589
2025-01-25 00:00:00,104800.1,104802.8,104308.6,104372.4,1688.388
2025-01-25 01:00:00,104372.4,104771.7,104340.0,104677.3,1135.214
2025-01-25 02:00:00,104677.3,104797.0,104416.4,104514.3,921.041
2025-01-25 03:00:00,104514.3,105227.3,104411.4,105146.5,1947.782
2025-01-25 04:00:00,105146.5,105165.5,104564.6,104614.6,752.098
2025-01-25 05:00:00,104614.6,104657.0,104205.8,104326.4,1575.392
2025-01-25 06:00:00,104326.4,104437.8,104175.0,104267.0,1299.056
2025-01-25 07:00:00,104267.0,104477.0,104230.0,104349.9,697.841
2025-01-25 08:00:00,104349.9,104450.0,104051.5,104300.0,1060.262
2025-01-25 09:00:00,104300.0,104400.0,104225.0,104308.7,702.307
2025-01-25 10:00:00,104308.7,104640.0,104036.9,104479.9,1613.307
2025-01-25 11:00:00,104479.9,104631.0,104337.3,104619.1,941.321
2025-01-25 12:00:00,104619.1,104741.1,104405.7,104688.7,945.745
2025-01-25 13:00:00,104688.7,104800.0,104576.6,104662.4,1153.345
2025-01-25 14:00:00,104662.4,104681.2,104422.3,104538.9,735.758
2025-01-25 15:00:00,104538.9,105072.0,104538.9,104846.5,2192.113
2025-01-25 16:00:00,104846.5,104962.8,104530.1,104620.0,1197.771
2025-01-25 17:00:00,104620.0,104894.7,104380.2,104848.9,1647.125
2025-01-25 18:00:00,104848.9,105276.1,104790.0,104949.2,1936.378
2025-01-25 19:00:00,104949.2,105138.0,104857.2,104997.8,1023.039
2025-01-25 20:00:00,104997.8,105151.4,104919.0,104920.6,659.873
2025-01-25 21:00:00,104920.6,105079.0,104809.4,105065.6,782.563
2025-01-25 22:00:00,105065.6,105237.4,104973.1,105044.5,681.849
2025-01-25 23:00:00,105044.5,105100.0,104638.9,104709.4,1247.245
2025-01-26 00:00:00,104709.4,104825.0,104466.9,104580.7,971.404
2025-01-26 01:00:00,104580.7,104746.8,104495.8,104586.4,485.124
2025-01-26 02:00:00,104586.4,104693.6,104491.0,104666.0,364.817
2025-01-26 03:00:00,104666.0,105217.5,104665.9,105024.5,1580.082
2025-01-26 04:00:00,105024.5,105591.5,104936.5,105142.8,1761.889
2025-01-26 05:00:00,105142.8,105175.6,104985.0,105065.8,512.57
2025-01-26 06:00:00,105065.8,105082.7,104930.1,104969.4,296.627
2025-01-26 07:00:00,104969.4,105066.7,104903.9,104966.0,385.687
2025-01-26 08:00:00,104966.0,105200.0,104830.0,104994.5,971.213
2025-01-26 09:00:00,104994.5,104994.5,104400.0,104597.6,2521.534
2025-01-26 10:00:00,104597.6,104685.8,104424.1,104670.2,974.045
2025-01-26 11:00:00,104670.2,104818.6,104620.1,104773.6,813.454
2025-01-26 12:00:00,104773.6,104864.9,104654.6,104864.9,524.43
2025-01-26 13:00:00,104864.9,105028.0,104794.8,104924.5,1258.491
2025-01-26 14:00:00,104924.5,104975.3,104770.0,104910.2,514.957
2025-01-26 15:00:00,104910.2,105053.7,104850.0,104934.4,712.873
2025-01-26 16:00:00,104934.4,105000.0,104861.5,104895.4,533.074
2025-01-26 17:00:00,104895.4,105017.2,104880.1,104911.0,403.283
2025-01-26 18:00:00,104911.0,105243.6,104872.6,105157.0,1295.703
2025-01-26 19:00:00,105157.0,105225.7,105009.6,105056.7,502.527
2025-01-26 20:00:00,105056.7,105188.4,104902.0,104935.9,631.303
2025-01-26 21:00:00,104935.9,104976.6,104511.1,104527.0,1947.674
2025-01-26 22:00:00,104527.0,104697.0,104263.5,104283.6,2451.176
2025-01-26 23:00:00,104283.6,104283.7,102457.1,102553.7,11016.685
2025-01-27 00:00:00,102553.7,103217.8,101536.9,101680.4,8316.64
2025-01-27 01:00:00,101680.4,102027.8,101087.4,101235.3,6817.98
2025-01-27 02:00:00,101235.3,101636.1,100775.0,100942.0,5885.444
2025-01-27 03:00:00,100942.0,101799.4,100667.7,101345.0,3900.092
2025-01-27 04:00:00,101345.0,101347.1,100213.7,100360.5,5673.183
2025-01-27 05:00:00,100360.5,100677.0,99670.1,100319.3,5577.598
2025-01-27 06:00:00,100319.3,100448.3,98630.0,98898.1,9854.285
2025-01-27 07:00:00,98898.1,99355.8,97694.2,98986.3,13384.262
2025-01-27 08:00:00,98986.3,99309.6,98630.3,98979.9,4634.953
2025-01-27 09:00:00,98979.9,99478.6,98741.5,99366.9,3862.031
2025-01-27 10:00:00,99366.9,99416.6,98208.0,98343.0,5049.287
2025-01-27 11:00:00,98343.0,99335.6,98280.2,98700.0,3957.648
2025-01-27 12:00:00,98700.0,100845.4,98655.6,100565.0,8281.402
2025-01-27 13:00:00,100565.0,101605.0,99951.6,100445.4,11907.622
2025-01-27 14:00:00,100445.4,102270.4,100011.4,101857.3,11509.918
2025-01-27 15:00:00,101857.3,102068.1,100791.1,101055.2,8278.283
2025-01-27 16:00:00,101055.2,101195.5,99519.1,99694.7,8970.161
2025-01-27 17:00:00,99694.7,100010.4,98980.0,99100.8,7834.597
2025-01-27 18:00:00,99100.8,99713.4,98793.3,99140.4,4598.72
2025-01-27 19:00:00,99140.4,99910.7,99118.1,99649.9,4105.281
2025-01-27 20:00:00,99649.9,101719.7,99549.6,101336.1,6343.727
2025-01-27 21:00:00,101336.1,102376.8,100885.8,101298.0,7072.074
2025-01-27 22:00:00,101298.0,101893.3,101217.9,101581.7,1977.53
2025-01-27 23:00:00,101581.7,102135.9,101581.7,102024.2,2272.341
2025-01-28 00:00:00,102024.2,102910.4,101731.8,101815.2,4542.672
2025-01-28 01:00:00,101815.2,101955.9,101335.0,101335.0,2312.812
2025-01-28 02:00:00,101335.0,102397.7,101280.0,102350.3,2245.651
2025-01-28 03:00:00,102350.3,102840.0,101975.0,102594.9,2607.144
2025-01-28 04:00:00,102594.9,103329.9,102544.9,102867.2,3651.924
2025-01-28 05:00:00,102867.2,103300.0,102774.7,102966.0,1714.325
2025-01-28 06:00:00,102966.0,103160.8,102558.5,102698.2,2092.254
2025-01-28 07:00:00,102698.2,103280.0,102458.4,102745.3,3143.435
2025-01-28 08:00:00,102745.3,102974.8,102542.4,102790.8,1856.688
2025-01-28 09:00:00,102790.8,102920.9,102322.7,102910.8,2803.404
2025-01-28 10:00:00,102910.8,103178.1,102537.1,102691.5,2246.621
2025-01-28 11:00:00,102691.5,102888.0,102507.6,102703.8,1340.075
2025-01-28 12:00:00,102703.8,102940.0,102417.7,102549.7,1969.331
2025-01-28 13:00:00,102549.7,102893.7,102407.2,102549.3,1633.362
2025-01-28 14:00:00,102549.3,102859.8,101767.0,102590.3,10613.097
2025-01-28 15:00:00,102590.3,103800.0,102404.3,102718.8,12166.483
2025-01-28 16:00:00,102718.8,102863.0,101865.2,102200.0,6027.259
2025-01-28 17:00:00,102200.0,103050.0,102151.9,102513.6,4618.181
2025-01-28 18:00:00,102513.6,103077.6,102100.0,102143.6,3985.411
2025-01-28 19:00:00,102143.6,102615.0,101739.8,102375.4,4343.291
2025-01-28 20:00:00,102375.4,102490.0,101161.6,101216.3,4020.619
2025-01-28 21:00:00,101216.3,101490.8,100207.0,100268.1,5858.164
2025-01-28 22:00:00,100268.1,101342.8,100205.7,101218.7,4174.402
2025-01-28 23:00:00,101218.7,101396.4,100675.6,101278.0,2497.023
2025-01-29 00:00:00,101278.0,101769.9,101265.3,101642.2,2295.437
2025-01-29 01:00:00,101642.2,101938.4,101400.0,101781.0,1698.908
2025-01-29 02:00:00,101781.0,102266.0,101650.0,101740.1,2033.038
2025-01-29 03:00:00,101740.1,102106.3,101719.6,101970.4,1680.18
2025-01-29 04:00:00,101970.4,102139.0,101899.9,101953.4,887.254
2025-01-29 05:00:00,101953.4,102338.2,101927.3,102214.7,1152.812
2025-01-29 06:00:00,102214.7,102847.4,102183.5,102762.4,2719.142
2025-01-29 07:00:00,102762.4,102768.4,102403.1,102700.1,1932.278
2025-01-29 08:00:00,102700.1,102974.0,102629.1,102699.8,2232.939
2025-01-29 09:00:00,102699.8,102748.2,102259.2,102290.0,2073.53
2025-01-29 10:00:00,102290.0,102694.3,102150.0,102499.7,1773.042
2025-01-29 11:00:00,102499.7,102763.9,102365.1,102591.5,1379.587
2025-01-29 12:00:00,102591.5,102781.2,102168.8,102202.4,1966.065
2025-01-29 13:00:00,102202.4,102306.8,101651.0,101801.1,4796.328
2025-01-29 14:00:00,101801.1,102340.0,101516.2,101995.8,5178.665
2025-01-29 15:00:00,101995.8,102504.1,101736.1,101919.3,3857.235
2025-01-29 16:00:00,101919.3,102108.9,101618.7,102043.5,2289.877
2025-01-29 17:00:00,102043.5,102737.0,101956.5,102367.6,2938.353
2025-01-29 18:00:00,102367.6,102973.3,101950.0,102803.8,3593.722
2025-01-29 19:00:00,102803.8,103985.2,101335.9,103536.1,22849.275
2025-01-29 20:00:00,103536.1,104777.0,102800.0,104158.1,11568.078
2025-01-29 21:00:00,104158.1,104366.6,103666.6,103679.0,4681.385
2025-01-29 22:00:00,103679.0,104000.0,103333.4,103444.1,3046.635
2025-01-29 23:00:00,103444.1,104329.5,103409.0,103700.0,2675.386
2025-01-30 00:00:00,103700.0,104113.2,103235.0,103986.9,3494.318
2025-01-30 01:00:00,103986.9,104543.3,103892.4,104237.0,2693.863
2025-01-30 02:00:00,104237.0,104661.0,103903.5,104646.2,3244.828
2025-01-30 03:00:00,104646.2,105293.9,104462.3,105166.3,4821.613
2025-01-30 04:00:00,105166.3,105582.2,104824.4,105451.2,2947.042
2025-01-30 05:00:00,105451.2,105502.1,105001.0,105357.4,2048.573
2025-01-30 06:00:00,105357.4,105540.0,105130.0,105159.7,1705.094
2025-01-30 07:00:00,105159.7,105329.7,104777.0,105100.0,2067.184
2025-01-30 08:00:00,105100.0,105309.0,104901.0,105026.5,1809.574
2025-01-30 09:00:00,105026.5,105534.0,104990.7,105397.0,1703.612
2025-01-30 10:00:00,105397.0,105397.1,105076.6,105314.9,1307.205
2025-01-30 11:00:00,105314.9,105383.3,105045.0,105281.5,1464.24
2025-01-30 12:00:00,105281.5,105295.2,104840.0,104986.4,1918.061
2025-01-30 13:00:00,104986.4,105328.7,104803.5,104840.9,2934.37
2025-01-30 14:00:00,104840.9,106221.5,104628.0,105883.0,8821.477
2025-01-30 15:00:00,105883.0,106421.1,105342.9,105516.5,8687.751
2025-01-30 16:00:00,105516.5,105970.0,105410.9,105653.7,2774.406
2025-01-30 17:00:00,105653.7,105654.1,104851.2,105242.9,4171.254
2025-01-30 18:00:00,105242.9,105530.0,104711.0,105529.9,3354.771
2025-01-30 19:00:00,105529.9,105742.0,105183.5,105676.0,1816.016
2025-01-30 20:00:00,105676.0,105789.0,104769.7,104850.2,3881.803
2025-01-30 21:00:00,104850.2,105157.5,104733.3,104984.6,1597.113
2025-01-30 22:00:00,104984.6,105294.1,104918.4,105040.5,675.73
2025-01-30 23:00:00,105040.5,105205.0,104633.0,104684.6,1306.122
2025-01-31 00:00:00,104684.6,104976.2,104310.1,104852.4,3286.772
2025-01-31 01:00:00,104852.4,104862.4,104355.7,104679.6,1397.555
2025-01-31 02:00:00,104679.6,104802.9,104200.0,104285.8,2054.169
2025-01-31 03:00:00,104285.8,104322.0,103875.0,104273.2,3256.191
2025-01-31 04:00:00,104273.2,104490.0,103911.0,103960.1,1626.843
2025-01-31 05:00:00,103960.1,104437.5,103952.8,104266.2,1320.281
2025-01-31 06:00:00,104266.2,104695.6,104246.0,104467.7,1338.808
2025-01-31 07:00:00,104467.7,104761.1,103975.0,104146.1,2970.034
2025-01-31 08:00:00,104146.1,104280.0,103958.4,103965.0,2095.337
2025-01-31 09:00:00,103965.0,104264.0,103863.0,104205.4,1929.325
2025-01-31 10:00:00,104205.4,104398.3,104033.0,104238.4,980.132
2025-01-31 11:00:00,104238.4,104796.0,104238.4,104675.0,2347.945
2025-01-31 12:00:00,104675.0,104884.4,104501.9,104663.4,1762.105
2025-01-31 13:00:00,104663.4,104995.8,104500.3,104610.0,2244.376
2025-01-31 14:00:00,104610.0,104821.7,104050.1,104403.5,4224.096
2025-01-31 15:00:00,104403.5,105998.0,104403.5,105404.7,8276.605
2025-01-31 16:00:00,105404.7,105535.7,104650.0,105025.2,4369.373
2025-01-31 17:00:00,105025.2,105025.2,104487.2,104523.0,2354.629
2025-01-31 18:00:00,104523.0,104774.0,102530.0,102569.9,12540.897
2025-01-31 19:00:00,102569.9,102975.1,102058.5,102232.0,8897.109
2025-01-31 20:00:00,102232.0,102274.6,101540.6,101614.5,9276.44
2025-01-31 21:00:00,101614.5,102087.4,101468.4,102074.4,5620.333
2025-01-31 22:00:00,102074.4,102419.9,101829.5,102200.1,2787.054
2025-01-31 23:00:00,102200.1,102377.7,101873.4,102377.6,1303.418
2025-02-01 00:00:00,102377.6,102502.4,102117.5,102429.3,1792.344
2025-02-01 01:00:00,102429.3,102699.0,102400.0,102504.1,1194.267
2025-02-01 02:00:00,102504.1,102735.0,102333.3,102396.1,1189.569
2025-02-01 03:00:00,102396.1,102460.5,102124.9,102173.1,1513.881
2025-02-01 04:00:00,102173.1,102413.9,102033.0,102244.1,2103.271
2025-02-01 05:00:00,102244.1,102517.3,102168.3,102427.7,683.22
2025-02-01 06:00:00,102427.7,102500.0,102100.9,102343.2,924.568
2025-02-01 07:00:00,102343.2,102422.7,102112.0,102112.1,1018.544
2025-02-01 08:00:00,102112.1,102222.9,101782.4,101961.8,2132.263
2025-02-01 09:00:00,101961.8,101961.9,101350.1,101621.8,3096.185
2025-02-01 10:00:00,101621.8,101924.5,101559.8,101588.5,1644.265
2025-02-01 11:00:00,101588.5,101992.6,101588.5,101966.9,1159.163
2025-02-01 12:00:00,101966.9,102233.0,101939.0,102197.0,1893.639
2025-02-01 13:00:00,102197.0,102197.0,101763.0,101821.7,1801.291
2025-02-01 14:00:00,101821.7,102111.0,101764.0,101798.0,1652.233
2025-02-01 15:00:00,101798.0,102141.6,101670.3,102023.4,2322.068
2025-02-01 16:00:00,102023.4,102165.6,101818.2,101846.3,970.474
2025-02-01 17:00:00,101846.3,102220.0,101846.3,102197.3,996.119
2025-02-01 18:00:00,102197.3,102215.5,101906.6,101948.7,854.2
2025-02-01 19:00:00,101948.7,101974.3,101404.0,101622.6,2953.191
2025-02-01 20:00:00,101622.6,101622.6,100918.1,101284.1,4758.373
2025-02-01 21:00:00,101284.1,101525.0,100925.0,101136.2,2498.37
2025-02-01 22:00:00,101136.2,101370.1,100450.0,100600.6,4775.742
2025-02-01 23:00:00,100600.6,100806.9,100215.1,100576.5,3950.998
2025-02-02 00:00:00,100576.5,101238.0,100430.4,101188.0,2237.698
2025-02-02 01:00:00,101188.0,101410.0,101101.9,101196.5,1113.008
2025-02-02 02:00:00,101196.5,101217.5,100352.1,100390.0,2290.84
2025-02-02 03:00:00,100390.0,100703.3,99100.3,99157.1,9086.749
2025-02-02 04:00:00,99157.1,99812.2,98958.0,99492.6,4022.943
2025-02-02 05:00:00,99492.6,100301.4,99441.0,100201.8,2766.914
2025-02-02 06:00:00,100201.8,100434.1,100049.0,100218.1,3007.139
2025-02-02 07:00:00,100218.1,100229.4,99550.0,99569.9,2931.676
2025-02-02 08:00:00,99569.9,100057.8,99263.8,99775.7,3629.575
2025-02-02 09:00:00,99775.7,99801.0,99297.8,99619.9,1954.079
2025-02-02 10:00:00,99619.9,99622.0,99175.4,99373.8,3236.578
2025-02-02 11:00:00,99373.8,99550.0,98580.0,98824.4,5251.687
2025-02-02 12:00:00,98824.4,99140.0,98100.0,98135.3,6545.602
2025-02-02 13:00:00,98135.3,98800.0,98115.0,98757.5,3960.335
2025-02-02 14:00:00,98757.5,99364.6,98655.0,99150.5,3824.526
2025-02-02 15:00:00,99150.5,99360.0,98671.3,99292.7,2816.152
2025-02-02 16:00:00,99292.7,99308.6,98000.0,98220.9,5434.625
2025-02-02 17:00:00,98220.9,98530.0,96969.1,97201.6,12979.422
2025-02-02 18:00:00,97201.6,97897.5,96625.0,97048.2,10670.948
2025-02-02 19:00:00,97048.2,98645.7,96785.0,98223.3,6927.746
2025-02-02 20:00:00,98223.3,98575.0,97610.0,97747.9,2876.433
2025-02-02 21:00:00,97747.9,97920.2,96468.7,96985.2,6253.699
2025-02-02 22:00:00,96985.2,97985.9,95994.3,97965.4,9056.221
2025-02-02 23:00:00,97965.4,97965.5,96500.1,97645.7,8336.054
2025-02-03 00:00:00,97645.7,97737.5,95386.9,96448.0,21082.729
2025-02-03 01:00:00,96448.0,96876.0,91807.7,93387.6,42843.467
2025-02-03 02:00:00,93387.6,94883.0,91166.6,93510.5,32836.747
2025-02-03 03:00:00,93510.5,94615.7,93383.0,93998.2,8088.186
2025-02-03 04:00:00,93998.2,94433.4,92609.9,92756.0,7495.474
2025-02-03 05:00:00,92756.0,94225.0,92700.1,94165.9,6045.828
2025-02-03 06:00:00,94165.9,94550.0,93600.0,93855.8,4230.729
2025-02-03 07:00:00,93855.8,95336.0,93785.6,95247.1,4780.281
2025-02-03 08:00:00,95247.1,95549.0,94770.1,95278.3,5140.998
2025-02-03 09:00:00,95278.3,95885.5,95162.7,95221.9,5314.246
2025-02-03 10:00:00,95221.9,95668.7,94703.0,95655.0,4576.03
2025-02-03 11:00:00,95655.0,95655.8,94870.1,95052.3,3473.079
2025-02-03 12:00:00,95052.3,95549.6,94703.0,94706.7,4519.019
2025-02-03 13:00:00,94706.7,95347.8,94319.8,94591.6,6632.342
2025-02-03 14:00:00,94591.6,96658.0,94091.0,96542.5,20062.02
2025-02-03 15:00:00,96542.5,99468.8,96110.0,98804.0,22269.323
2025-02-03 16:00:00,98804.0,99008.6,98098.3,98491.1,7684.711
2025-02-03 17:00:00,98491.1,99288.9,97979.5,99150.3,8023.508
2025-02-03 18:00:00,99150.3,99899.9,98895.9,99765.6,6756.57
2025-02-03 19:00:00,99765.6,101840.0,99524.9,101831.8,11210.127
2025-02-03 20:00:00,101831.8,101899.7,100950.2,101030.0,8754.772
2025-02-03 21:00:00,101030.0,101900.0,100867.2,101732.5,5757.297
2025-02-03 22:00:00,101732.5,102457.8,101428.8,101653.1,5933.907
2025-02-03 23:00:00,101653.1,101787.7,101200.0,101294.8,2217.799
2025-02-04 00:00:00,101294.8,101616.3,101005.0,101024.0,2008.311
2025-02-04 01:00:00,101024.0,101684.7,100700.1,101338.1,2721.498
2025-02-04 02:00:00,101338.1,101393.3,100750.1,100796.4,1442.511
2025-02-04 03:00:00,100796.4,100997.0,100500.0,100580.5,1893.689
2025-02-04 04:00:00,100580.5,100727.0,99986.9,100028.7,2826.922
2025-02-04 05:00:00,100028.7,100072.2,98170.6,98807.4,14043.46
2025-02-04 06:00:00,98807.4,99650.0,98773.5,99328.4,5492.264
2025-02-04 07:00:00,99328.4,99440.0,98280.0,98409.6,4220.056
2025-02-04 08:00:00,98409.6,98704.2,97800.0,98256.1,6079.208
2025-02-04 09:00:00,98256.1,98766.0,98220.4,98312.3,2658.571
2025-02-04 10:00:00,98312.3,98940.1,98302.7,98741.5,2450.933
2025-02-04 11:00:00,98741.5,99445.5,98711.0,98923.4,3705.556
2025-02-04 12:00:00,98923.4,99758.1,98923.4,99325.8,3896.909
2025-02-04 13:00:00,99325.8,99518.9,98900.0,98984.2,3607.744
2025-02-04 14:00:00,98984.2,100381.1,98508.5,99940.0,12851.37
2025-02-04 15:00:00,99940.0,100205.9,98248.5,99310.1,12350.751
2025-02-04 16:00:00,99310.1,99913.2,98999.1,99018.9,4414.003
2025-02-04 17:00:00,99018.9,99598.8,98788.0,99128.9,3711.995
2025-02-04 18:00:00,99128.9,99558.1,98734.0,99375.1,2230.357
2025-02-04 19:00:00,99375.1,100765.5,98755.6,98828.6,13260.371
2025-02-04 20:00:00,98828.6,99464.7,97921.1,98588.6,14669.817
2025-02-04 21:00:00,98588.6,98605.8,96354.5,96463.0,11614.053
2025-02-04 22:00:00,96463.0,97961.1,96086.1,97641.6,8419.064
2025-02-04 23:00:00,97641.6,98173.6,97395.3,97706.0,3800.133
2025-02-05 00:00:00,97706.0,98364.2,97651.8,98217.3,2574.222
2025-02-05 01:00:00,98217.3,98900.0,97587.3,97805.3,5245.064
2025-02-05 02:00:00,97805.3,98166.8,97094.2,97945.9,5209.151
2025-02-05 03:00:00,97945.9,98289.9,97738.4,98000.3,1920.301
2025-02-05 04:00:00,98000.3,98309.6,97795.5,98008.1,1841.282
2025-02-05 05:00:00,98008.1,98280.0,97655.6,98100.0,1833.319
2025-02-05 06:00:00,98100.0,98187.0,97500.0,97618.3,2551.166
2025-02-05 07:00:00,97618.3,97956.8,97313.9,97814.3,2539.483
2025-02-05 08:00:00,97814.3,98014.7,97525.4,97582.1,1564.178
2025-02-05 09:00:00,97582.1,97923.8,97209.6,97361.9,2351.27
2025-02-05 10:00:00,97361.9,98000.0,97325.0,97708.0,2628.881
2025-02-05 11:00:00,97708.0,98198.4,97599.7,98186.2,4026.527
2025-02-05 12:00:00,98186.2,98706.3,97975.9,98034.0,4777.28
2025-02-05 13:00:00,98034.0,98656.9,97930.5,98548.8,2619.277
2025-02-05 14:00:00,98548.8,99170.0,98082.2,98253.6,5332.716
2025-02-05 15:00:00,98253.6,98525.0,97700.1,98064.2,6007.367
2025-02-05 16:00:00,98064.2,98265.9,97260.4,97945.9,5557.095
2025-02-05 17:00:00,97945.9,98234.1,97295.4,97503.5,3492.511
2025-02-05 18:00:00,97503.5,97654.9,96455.0,96672.2,6246.867
2025-02-05 19:00:00,96672.2,97485.4,96450.0,97331.8,3913.953
2025-02-05 20:00:00,97331.8,97671.8,96851.5,97275.9,2892.632
2025-02-05 21:00:00,97275.9,97515.3,96737.9,96880.0,1729.078
2025-02-05 22:00:00,96880.0,97018.0,96227.8,96413.4,2505.309
2025-02-05 23:00:00,96413.4,96811.4,96100.1,96568.5,2756.191
2025-02-06 00:00:00,96568.5,96942.3,96363.1,96780.0,2229.974
2025-02-06 01:00:00,96780.0,97176.5,96590.5,97118.3,2381.152
2025-02-06 02:00:00,97118.3,97410.2,97057.2,97317.1,1205.76
2025-02-06 03:00:00,97317.1,97480.4,97027.6,97308.9,1084.293
2025-02-06 04:00:00,97308.9,97809.9,97230.0,97580.0,1584.998
2025-02-06 05:00:00,97580.0,97845.4,97563.6,97789.5,877.859
2025-02-06 06:00:00,97789.5,98400.0,97657.8,98342.0,2794.788
2025-02-06 07:00:00,98342.0,98342.0,97933.2,98164.9,1805.638
2025-02-06 08:00:00,98164.9,98299.9,97816.5,98093.1,1776.548
2025-02-06 09:00:00,98093.1,98690.0,98069.0,98557.5,3026.017
2025-02-06 10:00:00,98557.5,99035.7,98557.4,98983.1,3030.928
2025-02-06 11:00:00,98983.1,99099.0,98362.7,98829.0,3744.338
2025-02-06 12:00:00,98829.0,99000.0,98244.7,98316.8,2910.07
2025-02-06 13:00:00,98316.8,98750.0,98121.5,98573.4,4303.262
2025-02-06 14:00:00,98573.4,98881.3,97726.8,97784.9,7747.902
2025-02-06 15:00:00,97784.9,98000.0,96880.0,97292.6,8978.229
2025-02-06 16:00:00,97292.6,97499.0,96343.0,96539.1,6286.588
2025-02-06 17:00:00,96539.1,97189.9,96335.6,96670.1,4421.896
2025-02-06 18:00:00,96670.1,96796.7,95822.0,96278.0,5905.604
2025-02-06 19:00:00,96278.0,96897.6,95631.8,95953.5,5195.479
2025-02-06 20:00:00,95953.5,97050.0,95750.0,96895.0,3568.795
2025-02-06 21:00:00,96895.0,96914.5,96071.8,96770.0,2419.436
2025-02-06 22:00:00,96770.0,96922.3,96099.8,96921.9,2394.856
2025-02-06 23:00:00,96921.9,96924.6,96155.5,96500.0,1896.225
2025-02-07 00:00:00,96500.0,96893.1,96365.7,96458.3,1612.522
2025-02-07 01:00:00,96458.3,97791.7,96458.3,97341.7,3305.962
2025-02-07 02:00:00,97341.7,97595.8,97024.8,97527.1,2881.273
2025-02-07 03:00:00,97527.1,97729.9,97190.3,97407.6,1557.037
2025-02-07 04:00:00,97407.6,97833.3,97331.0,97382.5,1400.918
2025-02-07 05:00:00,97382.5,97494.5,97100.0,97309.9,1363.324
2025-02-07 06:00:00,97309.9,97320.0,96532.6,96715.9,3569.731
2025-02-07 07:00:00,96715.9,97175.0,96563.6,96694.9,2424.891
2025-02-07 08:00:00,96694.9,97208.0,96560.9,96978.3,1765.51
2025-02-07 09:00:00,96978.3,97346.1,96978.3,97235.1,1221.362
2025-02-07 10:00:00,97235.1,97440.0,97195.8,97221.6,1111.971
2025-02-07 11:00:00,97221.6,97718.4,97221.6,97706.0,2298.635
2025-02-07 12:00:00,97706.0,97999.9,97416.1,97920.8,3220.464
2025-02-07 13:00:00,97920.8,98812.7,97139.1,98778.1,12371.499
2025-02-07 14:00:00,98778.1,100120.0,98627.6,99681.7,16349.303
2025-02-07 15:00:00,99681.7,99681.7,97500.0,98245.5,19246.705
2025-02-07 16:00:00,98245.5,98550.0,97621.5,97785.8,10527.388
2025-02-07 17:00:00,97785.8,98117.8,97000.0,97373.1,9667.813
2025-02-07 18:00:00,97373.1,98306.3,97255.0,97701.4,3861.104
2025-02-07 19:00:00,97701.4,97784.8,96823.1,96852.7,4050.856
2025-02-07 20:00:00,96852.7,96890.9,95556.5,95711.5,8883.121
2025-02-07 21:00:00,95711.5,96099.1,95640.4,95950.0,3655.345
2025-02-07 22:00:00,95950.0,96043.3,95583.8,96000.0,2598.937
2025-02-07 23:00:00,96000.0,96458.3,95804.9,96440.6,2295.876
2025-02-08 00:00:00,96440.6,96791.4,96273.0,96604.2,1975.793
2025-02-08 01:00:00,96604.2,96739.3,96324.3,96471.6,1117.336
2025-02-08 02:00:00,96471.6,96780.0,96351.7,96718.3,939.474
2025-02-08 03:00:00,96718.3,96840.0,96501.0,96646.8,936.766
2025-02-08 04:00:00,96646.8,96646.8,96177.0,96266.0,942.832
2025-02-08 05:00:00,96266.0,96328.0,96025.0,96159.8,1224.196
2025-02-08 06:00:00,96159.8,96177.5,95850.2,95951.6,1476.275
2025-02-08 07:00:00,95951.6,96247.0,95723.8,96160.0,2408.623
2025-02-08 08:00:00,96160.0,96247.0,95842.6,95856.8,1242.893
2025-02-08 09:00:00,95856.8,96153.4,95856.8,96119.9,569.083
2025-02-08 10:00:00,96119.9,96250.0,95965.0,95997.1,886.236
2025-02-08 11:00:00,95997.1,96093.5,95819.4,96080.0,1004.784
2025-02-08 12:00:00,96080.0,96210.0,95865.0,96010.9,1095.736
2025-02-08 13:00:00,96010.9,96444.0,95965.1,96191.2,1866.945
2025-02-08 14:00:00,96191.2,96320.0,95904.9,96057.4,1223.597
2025-02-08 15:00:00,96057.4,96158.3,95635.8,95802.9,2161.901
2025-02-08 16:00:00,95802.9,96089.6,95703.0,96086.0,1369.511
2025-02-08 17:00:00,96086.0,96345.0,96071.7,96309.0,1392.889
2025-02-08 18:00:00,96309.0,96480.0,96182.9,96468.2,871.379
2025-02-08 19:00:00,96468.2,96700.0,96350.0,96541.4,1316.836
2025-02-08 20:00:00,96541.4,96582.9,96315.3,96418.0,575.297
2025-02-08 21:00:00,96418.0,96564.2,96302.0,96494.9,484.813
2025-02-08 22:00:00,96494.9,96664.8,96327.5,96429.8,756.748
2025-02-08 23:00:00,96429.8,96655.4,96384.9,96406.8,846.342
2025-02-09 00:00:00,96406.8,96560.8,96314.4,96519.8,599.918
2025-02-09 01:00:00,96519.8,96970.8,96450.0,96929.4,1850.075
2025-02-09 02:00:00,96929.4,97020.6,96634.0,96673.5,1419.054
2025-02-09 03:00:00,96673.5,97266.8,96645.0,97266.8,1603.777
2025-02-09 04:00:00,97266.8,97275.0,96913.4,97169.0,955.35
2025-02-09 05:00:00,97169.0,97180.0,96943.3,96978.9,920.802
2025-02-09 06:00:00,96978.9,97027.1,96727.0,96950.3,1755.016
2025-02-09 07:00:00,96950.3,97083.6,96875.0,97013.9,701.588
2025-02-09 08:00:00,97013.9,97250.0,97000.3,97030.0,972.716
2025-02-09 09:00:00,97030.0,97039.0,96844.3,96880.4,925.575
2025-02-09 10:00:00,96880.4,96880.5,96600.4,96728.0,1711.478
2025-02-09 11:00:00,96728.0,96999.4,96503.1,96513.4,1418.499
2025-02-09 12:00:00,96513.4,96657.1,96322.9,96487.9,1520.821
2025-02-09 13:00:00,96487.9,96512.6,95782.3,95849.9,4027.437
2025-02-09 14:00:00,95849.9,96259.9,95681.0,96070.6,2962.707
2025-02-09 15:00:00,96070.6,96625.4,96062.6,96447.5,3195.009
2025-02-09 16:00:00,96447.5,96510.0,96268.1,96401.8,821.12
2025-02-09 17:00:00,96401.8,96546.1,95900.0,96128.7,1595.561
2025-02-09 18:00:00,96128.7,96249.8,95951.4,96173.8,979.806
2025-02-09 19:00:00,96173.8,96236.3,95805.2,96016.6,1265.902
2025-02-09 20:00:00,96016.6,96740.9,96000.1,96276.9,2003.765
2025-02-09 21:00:00,96276.9,96310.3,94651.2,95120.0,8472.268
2025-02-09 22:00:00,95120.0,96400.0,94696.1,95775.6,6072.52
2025-02-09 23:00:00,95775.6,96548.0,95668.1,96428.6,2720.546
2025-02-10 00:00:00,96428.6,97100.0,96421.0,96683.8,3974.331
2025-02-10 01:00:00,96683.8,96798.0,95202.8,95543.4,5131.632
2025-02-10 02:00:00,95543.4,96032.8,95368.9,95766.1,2927.963
2025-02-10 03:00:00,95766.1,97049.9,95725.1,96764.3,5040.894
2025-02-10 04:00:00,96764.3,97130.8,96570.2,96896.0,3019.62
2025-02-10 05:00:00,96896.0,97631.8,96731.0,96983.1,4774.798
2025-02-10 06:00:00,96983.1,97172.3,96755.0,97115.3,2239.354
2025-02-10 07:00:00,97115.3,97464.8,97073.7,97405.1,2899.895
2025-02-10 08:00:00,97405.1,97874.8,97318.8,97644.8,3313.638
2025-02-10 09:00:00,97644.8,97812.0,97425.7,97639.9,2503.874
2025-02-10 10:00:00,97639.9,97937.3,97553.6,97698.9,2272.42
2025-02-10 11:00:00,97698.9,97865.0,97580.0,97629.9,1172.453
2025-02-10 12:00:00,97629.9,97758.4,97135.4,97322.0,2483.666
2025-02-10 13:00:00,97322.0,98343.4,97305.9,98185.4,4828.146
2025-02-10 14:00:00,98185.4,98283.0,97003.7,97245.2,7008.431
2025-02-10 15:00:00,97245.2,97542.6,96812.1,97188.9,4267.565
2025-02-10 16:00:00,97188.9,97397.1,96842.1,97269.6,2921.338
2025-02-10 17:00:00,97269.6,97483.8,96826.4,97459.7,2175.515
2025-02-10 18:00:00,97459.7,97530.6,97114.3,97527.8,1290.9
2025-02-10 19:00:00,97527.8,97611.0,97199.9,97338.5,1716.558
2025-02-10 20:00:00,97338.5,97450.0,97185.0,97300.6,895.786
2025-02-10 21:00:00,97300.6,97359.5,97085.0,97354.3,789.678
2025-02-10 22:00:00,97354.3,97476.7,97241.0,97341.9,861.976
2025-02-10 23:00:00,97341.9,97418.5,97200.0,97384.2,659.726
2025-02-11 00:00:00,97384.2,98150.0,97379.2,97749.1,2980.992
2025-02-11 01:00:00,97749.1,98074.7,97740.0,97963.5,1584.331
2025-02-11 02:00:00,97963.5,98084.8,97410.1,97740.4,2454.439
2025-02-11 03:00:00,97740.4,97740.5,97450.0,97571.8,821.729
2025-02-11 04:00:00,97571.8,98111.0,97505.2,98019.4,2231.815
2025-02-11 05:00:00,98019.4,98459.0,97960.4,98380.0,2751.063
2025-02-11 06:00:00,98380.0,98446.4,98087.7,98387.9,1309.29
2025-02-11 07:00:00,98387.9,98430.0,98222.9,98230.0,1070.569
2025-02-11 08:00:00,98230.0,98298.7,98066.6,98190.4,1159.249
2025-02-11 09:00:00,98190.4,98269.9,97857.9,97956.2,1350.204
2025-02-11 10:00:00,97956.2,98090.0,97838.0,97908.0,1331.798
2025-02-11 11:00:00,97908.0,98186.8,97826.2,98092.4,1020.155
2025-02-11 12:00:00,98092.4,98102.8,97604.3,97711.8,2743.855
2025-02-11 13:00:00,97711.8,97800.0,96600.0,96750.6,7478.533
2025-02-11 14:00:00,96750.6,97274.3,96551.3,96922.5,6531.896
2025-02-11 15:00:00,96922.5,97219.1,96574.7,96982.0,3383.581
2025-02-11 16:00:00,96982.0,97009.3,96263.2,96324.4,4571.598
2025-02-11 17:00:00,96324.4,96343.5,95914.4,96115.5,4762.679
2025-02-11 18:00:00,96115.5,96134.3,95354.4,95427.4,6508.037
2025-02-11 19:00:00,95427.4,95612.8,94821.9,94985.9,8340.895
2025-02-11 20:00:00,94985.9,95390.5,94871.0,95264.2,4613.988
2025-02-11 21:00:00,95264.2,96400.0,95219.2,96337.3,5285.933
2025-02-11 22:00:00,96337.3,96450.0,95292.0,95549.6,4146.664
2025-02-11 23:00:00,95549.6,95935.0,95461.2,95748.6,2023.946
2025-02-12 00:00:00,95748.6,96085.2,95622.9,96020.6,1765.353
2025-02-12 01:00:00,96020.6,96234.5,95769.3,96177.5,1108.647
2025-02-12 02:00:00,96177.5,96190.4,95266.6,95531.7,2230.238
2025-02-12 03:00:00,95531.7,95720.0,95050.0,95256.0,3398.033
2025-02-12 04:00:00,95256.0,95578.2,95219.8,95512.9,1940.62
2025-02-12 05:00:00,95512.9,95886.0,95460.1,95848.9,1753.672
2025-02-12 06:00:00,95848.9,95920.0,95650.0,95792.1,1278.09
2025-02-12 07:00:00,95792.1,96130.0,95770.0,96025.7,1672.168
2025-02-12 08:00:00,96025.7,96429.9,96006.5,96317.1,1776.435
2025-02-12 09:00:00,96317.1,96338.7,95988.5,96092.7,2025.627
2025-02-12 10:00:00,96092.7,96158.9,95865.0,95933.3,1246.0
2025-02-12 11:00:00,95933.3,96344.0,95933.3,96045.3,1407.738
2025-02-12 12:00:00,96045.3,96300.0,95875.3,95932.4,1888.151
2025-02-12 13:00:00,95932.4,96600.0,94001.2,94912.2,26888.263
2025-02-12 14:00:00,94912.2,95650.0,94446.0,95589.9,10170.498
2025-02-12 15:00:00,95589.9,95973.9,94675.0,95767.2,10934.418
2025-02-12 16:00:00,95767.2,97095.0,95060.0,96954.7,10363.723
2025-02-12 17:00:00,96954.7,97675.0,96732.3,97321.3,10756.348
2025-02-12 18:00:00,97321.3,97418.7,96564.3,96872.4,3486.346
2025-02-12 19:00:00,96872.4,97250.0,96301.0,97170.3,3143.726
2025-02-12 20:00:00,97170.3,97600.0,96881.3,96994.6,2749.506
2025-02-12 21:00:00,96994.6,97878.0,96805.3,97606.9,3715.913
2025-02-12 22:00:00,97606.9,98089.1,97369.2,97772.3,3786.288
2025-02-12 23:00:00,97772.3,97981.2,97555.0,97828.1,2101.352
2025-02-13 00:00:00,97828.1,97828.1,97500.0,97782.9,1551.596
2025-02-13 01:00:00,97782.9,98047.0,97700.5,97939.8,1306.866
2025-02-13 02:00:00,97939.8,97939.8,97328.3,97442.2,1401.417
2025-02-13 03:00:00,97442.2,97595.6,97409.6,97462.7,649.32
2025-02-13 04:00:00,97462.7,97524.3,96720.9,96904.1,2489.556
2025-02-13 05:00:00,96904.1,96907.5,96453.3,96622.4,2710.764
2025-02-13 06:00:00,96622.4,96725.3,95788.0,96006.2,5870.083
2025-02-13 07:00:00,96006.2,96197.9,95875.0,96023.0,2868.458
2025-02-13 08:00:00,96023.0,96135.3,95610.0,95904.1,2897.75
2025-02-13 09:00:00,95904.1,96257.0,95719.3,96213.6,2905.667
2025-02-13 10:00:00,96213.6,96307.4,96100.0,96132.0,1438.841
2025-02-13 11:00:00,96132.0,96250.0,95310.1,95890.0,5427.164
2025-02-13 12:00:00,95890.0,96036.7,95659.1,95779.7,2120.475
2025-02-13 13:00:00,95779.7,96260.3,95587.1,96029.9,5592.04
2025-02-13 14:00:00,96029.9,96064.6,95250.0,95812.4,7186.48
2025-02-13 15:00:00,95812.4,96439.5,95500.1,95941.2,7791.034
2025-02-13 16:00:00,95941.2,95955.5,95156.1,95302.4,6143.586
2025-02-13 17:00:00,95302.4,95977.3,95247.5,95645.0,3585.27
2025-02-13 18:00:00,95645.0,95949.9,95289.6,95935.2,2811.517
2025-02-13 19:00:00,95935.2,96347.9,95531.3,95594.3,4248.102
2025-02-13 20:00:00,95594.3,96265.4,95553.2,96228.0,3478.465
2025-02-13 21:00:00,96228.0,96808.5,96216.1,96444.4,3720.328
2025-02-13 22:00:00,96444.4,96568.7,96228.1,96376.9,1353.393
2025-02-13 23:00:00,96376.9,96596.9,96283.7,96570.7,1242.416
2025-02-14 00:00:00,96570.7,96995.8,96500.0,96723.2,1936.779
2025-02-14 01:00:00,96723.2,96869.3,96330.7,96505.4,1733.576
2025-02-14 02:00:00,96505.4,96800.0,96412.1,96499.5,1437.587
2025-02-14 03:00:00,96499.5,97173.8,96491.3,97109.0,2518.529
2025-02-14 04:00:00,97109.0,97216.8,96723.2,96730.0,1700.218
2025-02-14 05:00:00,96730.0,96874.1,96512.6,96650.0,981.83
2025-02-14 06:00:00,96650.0,96832.9,96567.1,96799.8,1277.035
2025-02-14 07:00:00,96799.8,97045.9,96785.7,96907.8,1926.032
2025-02-14 08:00:00,96907.8,96991.2,96757.8,96849.9,1453.217
2025-02-14 09:00:00,96849.9,97123.7,96798.7,97075.4,1615.111
2025-02-14 10:00:00,97075.4,97171.7,96927.1,96973.3,1158.249
2025-02-14 11:00:00,96973.3,97090.0,96760.1,96843.9,1701.704
2025-02-14 12:00:00,96843.9,96844.0,96440.7,96615.0,2400.866
2025-02-14 13:00:00,96615.0,96950.0,96405.3,96754.8,3011.53
2025-02-14 14:00:00,96754.8,97569.9,96540.0,97260.0,5776.906
2025-02-14 15:00:00,97260.0,97377.6,96200.0,96886.3,8121.861
2025-02-14 16:00:00,96886.3,97688.1,96436.8,97626.0,5835.501
2025-02-14 17:00:00,97626.0,98821.0,97100.1,98506.2,9480.939
2025-02-14 18:00:00,98506.2,98720.0,98125.0,98171.0,5360.499
2025-02-14 19:00:00,98171.0,98417.3,97640.2,97911.2,3999.656
2025-02-14 20:00:00,97911.2,98262.8,96926.8,97136.0,5046.722
2025-02-14 21:00:00,97136.0,97464.4,96639.0,97407.7,4996.74
2025-02-14 22:00:00,97407.7,97491.1,96885.2,97083.4,1930.049
2025-02-14 23:00:00,97083.4,97471.4,96943.0,97450.1,1480.751
2025-02-15 00:00:00,97450.1,97482.9,97175.8,97422.8,1648.421
2025-02-15 01:00:00,97422.8,97788.3,97400.0,97746.7,2059.851
2025-02-15 02:00:00,97746.7,97870.9,97580.2,97808.0,1490.52
2025-02-15 03:00:00,97808.0,97933.0,97596.0,97625.6,986.721
2025-02-15 04:00:00,97625.6,97746.8,97427.8,97480.2,1015.05
2025-02-15 05:00:00,97480.2,97598.9,97387.6,97550.9,485.977
2025-02-15 06:00:00,97550.9,97617.3,97363.2,97436.1,971.706
2025-02-15 07:00:00,97436.1,97470.6,97303.1,97303.5,877.013
2025-02-15 08:00:00,97303.5,97500.0,97258.1,97469.3,805.483
2025-02-15 09:00:00,97469.3,97560.0,97381.5,97520.0,585.734
2025-02-15 10:00:00,97520.0,97695.2,97400.0,97620.0,667.412
2025-02-15 11:00:00,97620.0,97641.2,97444.0,97581.6,632.099
2025-02-15 12:00:00,97581.6,97791.1,97490.1,97714.8,1406.786
2025-02-15 13:00:00,97714.8,97898.8,97620.9,97666.0,1084.335
2025-02-15 14:00:00,97666.0,97714.9,97370.0,97560.3,1622.151
2025-02-15 15:00:00,97560.3,97703.0,97507.0,97599.3,753.361
2025-02-15 16:00:00,97599.3,97677.8,97425.3,97498.9,639.778
2025-02-15 17:00:00,97498.9,97538.3,97268.9,97367.1,1390.821
2025-02-15 18:00:00,97367.1,97540.2,97322.3,97491.8,1058.785
2025-02-15 19:00:00,97491.8,97608.8,97475.0,97486.8,571.512
2025-02-15 20:00:00,97486.8,97601.8,97349.9,97486.6,1328.902
2025-02-15 21:00:00,97486.6,97652.3,97486.6,97647.6,1053.148
2025-02-15 22:00:00,97647.6,97700.0,97367.5,97504.9,859.541
2025-02-15 23:00:00,97504.9,97598.0,97369.6,97533.9,2631.418
2025-02-16 00:00:00,97533.9,97678.7,97517.1,97546.0,611.532
2025-02-16 01:00:00,97546.0,97620.0,97495.2,97603.0,329.704
2025-02-16 02:00:00,97603.0,97609.3,97425.6,97480.4,910.814
2025-02-16 03:00:00,97480.4,97490.8,97299.8,97490.7,1258.728
2025-02-16 04:00:00,97490.7,97530.0,97422.9,97480.7,619.182
2025-02-16 05:00:00,97480.7,97620.2,97424.7,97547.0,661.826
2025-02-16 06:00:00,97547.0,97565.0,97384.5,97429.7,399.689
2025-02-16 07:00:00,97429.7,97429.8,97164.0,97200.9,1026.974
2025-02-16 08:00:00,97200.9,97283.6,97080.0,97116.1,993.102
2025-02-16 09:00:00,97116.1,97320.1,97012.0,97314.7,1187.236
2025-02-16 10:00:00,97314.7,97341.9,97120.0,97133.0,727.24
2025-02-16 11:00:00,97133.0,97290.7,97110.5,97288.2,388.554
2025-02-16 12:00:00,97288.2,97288.3,97061.3,97087.1,620.702
2025-02-16 13:00:00,97087.1,97206.3,96713.8,96809.6,2801.712
2025-02-16 14:00:00,96809.6,96987.3,96636.0,96926.5,2591.088
2025-02-16 15:00:00,96926.5,97038.6,96850.1,96850.1,1259.785
2025-02-16 16:00:00,96850.1,97070.6,96824.2,97005.0,698.778
2025-02-16 17:00:00,97005.0,97119.4,96863.1,96921.2,717.99
2025-02-16 18:00:00,96921.2,96936.8,96500.0,96818.2,2978.608
2025-02-16 19:00:00,96818.2,97069.0,96715.8,97021.5,1558.037
2025-02-16 20:00:00,97021.5,97137.8,96807.0,96856.3,970.993
2025-02-16 21:00:00,96856.3,97247.2,96796.3,97131.1,1403.63
2025-02-16 22:00:00,97131.1,97147.7,96513.0,96827.9,2136.227
2025-02-16 23:00:00,96827.9,96833.3,96000.0,96060.1,5490.764
2025-02-17 00:00:00,96060.1,96400.0,95980.1,96257.1,2453.97
2025-02-17 01:00:00,96257.1,96480.0,96026.7,96445.1,1723.713
2025-02-17 02:00:00,96445.1,96580.0,96102.9,96169.1,1256.076
2025-02-17 03:00:00,96169.1,96234.5,96003.5,96165.4,1156.989
2025-02-17 04:00:00,96165.4,96208.3,95936.0,95971.9,1469.632
2025-02-17 05:00:00,95971.9,96270.1,95730.3,96193.4,2633.515
2025-02-17 06:00:00,96193.4,96420.0,96168.0,96347.0,1534.569
2025-02-17 07:00:00,96347.0,96429.0,95859.9,96023.0,1970.728
2025-02-17 08:00:00,96023.0,96268.0,95888.9,96112.2,2121.594
2025-02-17 09:00:00,96112.2,96271.0,96038.4,96120.3,1312.31
2025-02-17 10:00:00,96120.3,96357.6,96007.9,96062.2,1943.123
2025-02-17 11:00:00,96062.2,96255.9,95950.6,96019.8,1411.283
2025-02-17 12:00:00,96019.8,96479.7,96015.1,96415.3,1835.291
2025-02-17 13:00:00,96415.3,96447.6,96203.0,96364.9,1053.411
2025-02-17 14:00:00,96364.9,96988.3,96350.3,96752.8,4413.678
2025-02-17 15:00:00,96752.8,96850.0,95514.7,95613.5,7857.887
2025-02-17 16:00:00,95613.5,95895.0,95260.0,95286.4,5296.232
2025-02-17 17:00:00,95286.4,95696.7,95234.2,95431.4,3203.057
2025-02-17 18:00:00,95431.4,95728.9,95208.9,95294.9,2285.498
2025-02-17 19:00:00,95294.9,95553.0,95160.0,95500.1,2509.982
2025-02-17 20:00:00,95500.1,96230.6,95448.5,95920.7,2908.271
2025-02-17 21:00:00,95920.7,96370.0,95868.1,96362.9,2692.469
2025-02-17 22:00:00,96362.9,96369.9,95810.0,95837.9,1417.924
2025-02-17 23:00:00,95837.9,95965.9,95654.6,95735.0,1274.355
2025-02-18 00:00:00,95735.0,95996.0,95500.0,95593.1,1747.214
2025-02-18 01:00:00,95593.1,96249.5,95557.5,96215.2,2172.013
2025-02-18 02:00:00,96215.2,96274.0,95972.0,96018.1,1419.23
2025-02-18 03:00:00,96018.1,96245.2,95955.0,96150.7,1070.767
2025-02-18 04:00:00,96150.7,96251.5,95921.7,96026.0,941.782
2025-02-18 05:00:00,96026.0,96063.5,95489.4,95553.9,2174.708
2025-02-18 06:00:00,95553.9,95592.8,95193.6,95340.1,4276.659
2025-02-18 07:00:00,95340.1,95677.8,95262.4,95410.1,1918.412
2025-02-18 08:00:00,95410.1,95536.1,94988.0,95191.1,3443.153
2025-02-18 09:00:00,95191.1,95749.2,95107.2,95741.8,2718.163
2025-02-18 10:00:00,95741.8,95835.0,95587.2,95706.8,1136.313
2025-02-18 11:00:00,95706.8,95743.0,95517.1,95594.4,823.274
2025-02-18 12:00:00,95594.4,96249.4,95559.8,96147.2,2769.759
2025-02-18 13:00:00,96147.2,96441.4,96064.4,96192.8,2870.108
2025-02-18 14:00:00,96192.8,96730.9,95350.1,95501.8,7996.349
2025-02-18 15:00:00,95501.8,95698.2,95153.0,95518.1,5187.294
2025-02-18 16:00:00,95518.1,95613.1,94550.0,94599.9,8703.591
2025-02-18 17:00:00,94599.9,94838.2,94024.4,94069.5,7027.803
2025-02-18 18:00:00,94069.5,94310.1,93550.0,93882.5,9955.629
2025-02-18 19:00:00,93882.5,94370.5,93318.1,94066.0,7501.601
2025-02-18 20:00:00,94066.0,94444.5,93682.3,94164.9,3772.731
2025-02-18 21:00:00,94164.9,95320.4,94083.9,95040.0,8752.842
2025-02-18 22:00:00,95040.0,95507.6,94840.3,95264.4,2868.92
2025-02-18 23:00:00,95264.4,95650.0,95223.3,95618.8,2025.709
2025-02-19 00:00:00,95618.8,95800.0,95223.4,95303.9,2614.914
2025-02-19 01:00:00,95303.9,95439.0,95008.6,95438.9,1975.546
2025-02-19 02:00:00,95438.9,95923.4,95414.6,95793.7,1992.017
2025-02-19 03:00:00,95793.7,95800.0,95544.5,95678.0,1155.609
2025-02-19 04:00:00,95678.0,95736.9,95191.9,95192.0,1757.436
2025-02-19 05:00:00,95192.0,95320.3,95018.5,95248.0,2570.982
2025-02-19 06:00:00,95248.0,95649.1,95193.8,95584.4,1645.65
2025-02-19 07:00:00,95584.4,95817.5,95546.9,95660.0,2261.846
2025-02-19 08:00:00,95660.0,95861.8,95588.1,95596.2,1646.214
2025-02-19 09:00:00,95596.2,96011.0,95595.6,95913.2,2150.578
2025-02-19 10:00:00,95913.2,96457.7,95912.5,96305.6,5005.323
2025-02-19 11:00:00,96305.6,96419.6,96177.9,96407.9,1943.65
2025-02-19 12:00:00,96407.9,96489.7,96155.0,96157.2,2658.629
2025-02-19 13:00:00,96157.2,96459.6,96157.2,96265.3,1663.693
2025-02-19 14:00:00,96265.3,96676.5,95653.8,95732.0,7164.043
2025-02-19 15:00:00,95732.0,96375.4,95500.0,95904.4,6512.496
2025-02-19 16:00:00,95904.4,96356.6,95903.6,96279.9,2469.75
2025-02-19 17:00:00,96279.9,96461.0,96088.5,96359.3,1939.166
2025-02-19 18:00:00,96359.3,96389.7,95592.6,95630.4,2994.147
2025-02-19 19:00:00,95630.4,96190.6,95370.0,96168.6,4144.598
2025-02-19 20:00:00,96168.6,96462.1,96066.1,96130.5,2560.66
2025-02-19 21:00:00,96130.5,96447.8,96014.2,96281.4,1804.648
2025-02-19 22:00:00,96281.4,96590.7,96272.8,96507.8,1277.998
2025-02-19 23:00:00,96507.8,96897.1,96494.0,96616.4,2415.145
2025-02-20 00:00:00,96616.4,96828.0,96386.5,96825.9,1347.857
2025-02-20 01:00:00,96825.9,96974.4,96605.3,96752.5,1821.025
2025-02-20 02:00:00,96752.5,97268.8,96710.8,97108.8,2905.004
2025-02-20 03:00:00,97108.8,97419.9,96950.8,97027.3,3056.808
2025-02-20 04:00:00,97027.3,97333.3,97015.6,97198.5,1823.624
2025-02-20 05:00:00,97198.5,97200.8,96861.2,96879.6,1951.408
2025-02-20 06:00:00,96879.6,96940.0,96750.0,96878.7,1462.564
2025-02-20 07:00:00,96878.7,97074.3,96786.8,96838.5,1201.072
2025-02-20 08:00:00,96838.5,97166.4,96788.0,97124.4,1263.125
2025-02-20 09:00:00,97124.4,97250.0,97124.4,97155.0,1028.573
2025-02-20 10:00:00,97155.0,97330.6,97079.0,97330.6,836.294
2025-02-20 11:00:00,97330.6,97348.3,97108.2,97163.9,1089.325
2025-02-20 12:00:00,97163.9,97520.0,97163.8,97388.0,2402.503
2025-02-20 13:00:00,97388.0,97520.0,97218.1,97510.1,1804.707
2025-02-20 14:00:00,97510.1,98000.0,96813.5,96928.2,10032.951
2025-02-20 15:00:00,96928.2,97320.5,96758.0,96861.0,7093.217
2025-02-20 16:00:00,96861.0,97939.3,96825.2,97507.2,5574.75
2025-02-20 17:00:00,97507.2,97986.4,97500.3,97921.2,2465.133
2025-02-20 18:00:00,97921.2,98400.0,97911.1,98241.3,5131.272
2025-02-20 19:00:00,98241.3,98489.6,98185.1,98368.7,2479.889
2025-02-20 20:00:00,98368.7,98680.8,98262.8,98403.3,2994.255
2025-02-20 21:00:00,98403.3,98445.4,97954.0,98050.0,2032.298
2025-02-20 22:00:00,98050.0,98380.4,98003.5,98064.8,1642.181
2025-02-20 23:00:00,98064.8,98481.0,98052.0,98246.7,1470.604
2025-02-21 00:00:00,98246.7,98457.0,98035.1,98185.9,995.914
2025-02-21 01:00:00,98185.9,98299.4,98053.3,98258.2,835.398
2025-02-21 02:00:00,98258.2,98332.8,98070.0,98070.2,952.069
2025-02-21 03:00:00,98070.2,98261.2,98044.7,98113.5,1016.528
2025-02-21 04:00:00,98113.5,98239.5,98080.5,98169.3,889.052
2025-02-21 05:00:00,98169.3,98368.2,98130.0,98296.7,1024.54
2025-02-21 06:00:00,98296.7,98397.1,98254.1,98374.1,801.987
2025-02-21 07:00:00,98374.1,98568.0,98122.1,98134.9,1865.373
2025-02-21 08:00:00,98134.9,98234.1,98083.8,98164.3,949.636
2025-02-21 09:00:00,98164.3,98907.8,98061.7,98294.4,5076.869
2025-02-21 10:00:00,98294.4,98628.0,98200.0,98573.4,1772.294
2025-02-21 11:00:00,98573.4,98788.0,98448.8,98586.3,1344.219
2025-02-21 12:00:00,98586.3,98935.3,98482.0,98852.2,3052.556
2025-02-21 13:00:00,98852.2,99454.2,98741.3,99294.7,7916.722
2025-02-21 14:00:00,99294.7,99338.6,98285.0,98736.2,9020.241
2025-02-21 15:00:00,98736.2,99293.6,97111.0,98074.8,22963.183
2025-02-21 16:00:00,98074.8,98699.9,97674.1,98165.2,8566.868
2025-02-21 17:00:00,98165.2,98409.4,96800.0,96929.4,8114.507
2025-02-21 18:00:00,96929.4,97216.7,96492.1,96510.1,7589.939
2025-02-21 19:00:00,96510.1,96803.3,95191.1,95260.0,12342.05
2025-02-21 20:00:00,95260.0,95659.1,94832.2,95086.4,6336.713
2025-02-21 21:00:00,95086.4,95531.9,95045.7,95422.9,3410.883
2025-02-21 22:00:00,95422.9,95985.2,95256.7,95883.1,3644.154
2025-02-21 23:00:00,95883.1,96244.3,95702.2,96198.4,2088.486
2025-02-22 00:00:00,96198.4,96259.7,95814.8,96230.9,1536.225
2025-02-22 01:00:00,96230.9,96494.0,96151.5,96280.2,1449.935
2025-02-22 02:00:00,96280.2,96483.3,96117.5,96377.0,1210.508
2025-02-22 03:00:00,96377.0,96386.3,96172.8,96310.0,693.252
2025-02-22 04:00:00,96310.0,96500.0,96280.0,96416.8,1114.537
2025-02-22 05:00:00,96416.8,96569.0,96344.9,96564.0,769.736
2025-02-22 06:00:00,96564.0,96639.9,96356.5,96440.4,1104.005
2025-02-22 07:00:00,96440.4,96560.5,96317.0,96331.1,769.955
2025-02-22 08:00:00,96331.1,96399.6,96152.7,96232.1,1481.236
2025-02-22 09:00:00,96232.1,96546.1,96165.4,96528.2,1338.338
2025-02-22 10:00:00,96528.2,96600.0,96448.8,96520.0,1156.965
2025-02-22 11:00:00,96520.0,96623.4,96520.0,96594.7,585.66
2025-02-22 12:00:00,96594.7,97056.0,96574.1,96838.2,2272.438
2025-02-22 13:00:00,96838.2,96924.9,96537.8,96573.0,1329.577
2025-02-22 14:00:00,96573.0,96725.8,96526.2,96542.2,804.832
2025-02-22 15:00:00,96542.2,96729.6,96502.5,96613.2,650.24
2025-02-22 16:00:00,96613.2,96837.6,96369.2,96503.4,1667.923
2025-02-22 17:00:00,96503.4,96676.5,96465.3,96621.9,766.287
2025-02-22 18:00:00,96621.9,96801.0,96400.0,96436.1,822.167
2025-02-22 19:00:00,96436.1,96623.1,96344.2,96620.0,553.662
2025-02-22 20:00:00,96620.0,96647.0,96498.4,96577.3,483.677
2025-02-22 21:00:00,96577.3,96669.4,96512.5,96657.6,285.883
2025-02-22 22:00:00,96657.6,96703.1,96595.8,96641.2,362.659
2025-02-22 23:00:00,96641.2,96665.8,96465.9,96554.4,452.638
2025-02-23 00:00:00,96554.4,96637.0,96493.2,96626.9,350.898
2025-02-23 01:00:00,96626.9,96626.9,96351.9,96440.6,531.886
2025-02-23 02:00:00,96440.6,96495.1,96376.9,96394.1,290.265
2025-02-23 03:00:00,96394.1,96553.2,96378.0,96420.7,437.312
2025-02-23 04:00:00,96420.7,96541.4,96389.2,96410.7,263.771
2025-02-23 05:00:00,96410.7,96422.8,96210.0,96216.8,957.623
2025-02-23 06:00:00,96216.8,96347.2,96121.5,96328.9,867.052
2025-02-23 07:00:00,96328.9,96541.6,96278.1,96500.0,795.173
2025-02-23 08:00:00,96500.0,96500.1,96286.5,96359.9,613.048
2025-02-23 09:00:00,96359.9,96451.8,96237.0,96263.5,526.143
2025-02-23 10:00:00,96263.5,96290.4,96009.4,96192.3,1033.468
2025-02-23 11:00:00,96192.3,96249.7,96080.0,96120.5,662.194
2025-02-23 12:00:00,96120.5,96165.0,95639.5,95722.8,2824.165
2025-02-23 13:00:00,95722.8,95962.1,95703.7,95945.0,2011.524
2025-02-23 14:00:00,95945.0,96050.1,95525.0,95582.4,2294.669
2025-02-23 15:00:00,95582.4,95722.6,95358.5,95446.1,1839.905
2025-02-23 16:00:00,95446.1,95621.6,95432.7,95443.8,769.516
2025-02-23 17:00:00,95443.8,95769.3,95254.0,95666.2,2127.569
2025-02-23 18:00:00,95666.2,95887.2,95615.4,95744.0,1040.206
2025-02-23 19:00:00,95744.0,95856.3,95716.6,95770.8,593.484
2025-02-23 20:00:00,95770.8,95829.4,95677.5,95799.9,390.048
2025-02-23 21:00:00,95799.9,95800.0,95624.7,95777.7,529.42
2025-02-23 22:00:00,95777.7,95949.8,95547.9,95799.2,904.462
2025-02-23 23:00:00,95799.2,96340.4,95783.8,96262.6,2790.309
2025-02-24 00:00:00,96262.6,96536.3,96160.9,96271.2,1872.66
2025-02-24 01:00:00,96271.2,96361.7,95750.2,95981.9,1553.193
2025-02-24 02:00:00,95981.9,96223.5,95768.1,95835.9,1297.108
2025-02-24 03:00:00,95835.9,95835.9,95267.0,95446.6,2852.71
2025-02-24 04:00:00,95446.6,95591.4,95088.5,95313.2,3093.149
2025-02-24 05:00:00,95313.2,95780.0,95260.2,95742.3,1320.859
2025-02-24 06:00:00,95742.3,95909.8,95625.8,95871.0,805.87
2025-02-24 07:00:00,95871.0,95964.4,95696.8,95860.1,997.841
2025-02-24 08:00:00,95860.1,95919.0,95354.9,95496.1,1967.581
2025-02-24 09:00:00,95496.1,96189.3,95490.0,95760.1,2486.24
2025-02-24 10:00:00,95760.1,95932.9,95360.1,95644.5,1887.652
2025-02-24 11:00:00,95644.5,95877.4,95433.2,95837.1,1330.514
2025-02-24 12:00:00,95837.1,95971.2,95691.0,95799.3,891.784
2025-02-24 13:00:00,95799.3,96111.6,95333.4,95609.8,3546.918
2025-02-24 14:00:00,95609.8,95800.0,94580.0,94688.1,7221.151
2025-02-24 15:00:00,94688.1,95020.0,93816.4,94376.8,11597.747
2025-02-24 16:00:00,94376.8,95019.3,94202.2,94467.4,4890.392
2025-02-24 17:00:00,94467.4,95262.0,94361.7,94683.3,3520.138
2025-02-24 18:00:00,94683.3,94905.6,94162.9,94197.6,2043.167
2025-02-24 19:00:00,94197.6,94595.1,93631.0,93984.9,3735.478
2025-02-24 20:00:00,93984.9,94607.7,93857.2,94036.1,3035.637
2025-02-24 21:00:00,94036.1,94362.9,93588.0,93987.9,3126.398
2025-02-24 22:00:00,93987.9,94006.7,92230.0,92353.9,13975.434
2025-02-24 23:00:00,92353.9,92811.3,91258.7,91478.2,9983.859
2025-02-25 00:00:00,91478.2,92119.3,90821.1,91811.1,8976.872
2025-02-25 01:00:00,91811.1,92350.0,91096.2,91986.2,4904.412
2025-02-25 02:00:00,91986.2,92490.0,91549.9,92339.7,3566.843
2025-02-25 03:00:00,92339.7,92520.9,91905.0,92128.0,2141.49
2025-02-25 04:00:00,92128.0,92300.0,91800.0,91887.3,2615.269
2025-02-25 05:00:00,91887.3,92105.8,91700.0,92058.5,1396.058
2025-02-25 06:00:00,92058.5,92129.2,91190.5,91259.8,2908.699
2025-02-25 07:00:00,91259.8,91422.6,88093.2,89227.5,29675.59
2025-02-25 08:00:00,89227.5,89937.3,88926.0,89375.6,6866.203
2025-02-25 09:00:00,89375.6,89564.8,88259.7,88294.4,8100.264
2025-02-25 10:00:00,88294.4,88880.7,86833.0,88176.2,18234.959
2025-02-25 11:00:00,88176.2,89350.5,87617.0,89220.0,7931.199
2025-02-25 12:00:00,89220.0,89499.9,88868.0,89357.2,5500.267
2025-02-25 13:00:00,89357.2,89519.7,88716.8,88815.2,3498.966
2025-02-25 14:00:00,88815.2,89376.7,87053.3,87159.5,13482.598
2025-02-25 15:00:00,87159.5,87800.0,86055.5,87250.1,22625.008
2025-02-25 16:00:00,87250.1,87803.1,86177.0,87474.5,10578.692
2025-02-25 17:00:00,87474.5,87846.4,86850.0,87297.4,6324.233
2025-02-25 18:00:00,87297.4,87834.3,86922.9,87082.2,5280.37
2025-02-25 19:00:00,87082.2,88092.0,86515.7,87959.5,6019.025
2025-02-25 20:00:00,87959.5,89028.9,87618.8,88177.2,7968.885
2025-02-25 21:00:00,88177.2,88823.6,87770.1,88823.5,3964.831
2025-02-25 22:00:00,88823.5,89482.5,88487.7,88808.9,4732.571
2025-02-25 23:00:00,88808.9,89143.2,88656.0,88665.3,2071.966
2025-02-26 00:00:00,88665.3,88667.8,88131.6,88145.8,2144.157
2025-02-26 01:00:00,88145.8,88833.0,88145.7,88685.7,1839.447
2025-02-26 02:00:00,88685.7,89200.0,88420.0,88999.9,1940.771
2025-02-26 03:00:00,88999.9,89389.9,88875.0,88882.4,2118.744
2025-02-26 04:00:00,88882.4,89242.1,88678.3,88688.9,2000.734
2025-02-26 05:00:00,88688.9,88881.7,88356.6,88410.5,2074.539
2025-02-26 06:00:00,88410.5,88916.9,88408.2,88914.1,1521.106
2025-02-26 07:00:00,88914.1,89163.2,88404.8,88682.1,2771.095
2025-02-26 08:00:00,88682.1,88770.0,88073.5,88446.4,2761.595
2025-02-26 09:00:00,88446.4,89260.9,88435.8,89084.0,3594.826
2025-02-26 10:00:00,89084.0,89287.0,88847.0,89216.9,1667.751
2025-02-26 11:00:00,89216.9,89241.3,88537.9,88589.3,2187.44
2025-02-26 12:00:00,88589.3,88665.2,87608.4,87936.4,5628.551
2025-02-26 13:00:00,87936.4,88087.0,86947.8,87194.9,6478.841
2025-02-26 14:00:00,87194.9,87681.0,85350.0,87550.0,27886.035
2025-02-26 15:00:00,87550.0,88470.2,87319.1,87499.9,14381.337
2025-02-26 16:00:00,87499.9,87752.2,86226.0,86779.9,11863.622
2025-02-26 17:00:00,86779.9,87281.5,85630.0,86002.2,7670.201
2025-02-26 18:00:00,86002.2,86450.0,83200.0,84112.7,31827.758
2025-02-26 19:00:00,84112.7,85019.2,83576.0,83768.7,14345.446
2025-02-26 20:00:00,83768.7,84572.9,82055.6,84337.3,23375.965
2025-02-26 21:00:00,84337.3,85137.1,83378.3,84568.2,15766.71
2025-02-26 22:00:00,84568.2,85360.7,84109.9,84387.8,7152.128
2025-02-26 23:00:00,84387.8,84742.3,83868.1,84208.6,2901.884
2025-02-27 00:00:00,84208.6,84752.8,83988.1,84679.0,3628.874
2025-02-27 01:00:00,84679.0,85391.8,84225.1,84683.8,4452.999
2025-02-27 02:00:00,84683.8,85158.4,84162.1,84240.0,2809.246
2025-02-27 03:00:00,84240.0,85299.0,84217.9,85181.0,2662.317
2025-02-27 04:00:00,85181.0,85325.1,84623.5,85095.2,2732.693
2025-02-27 05:00:00,85095.2,85887.0,85000.9,85815.4,4395.251
2025-02-27 06:00:00,85815.4,86668.0,85630.4,86204.3,5342.168
2025-02-27 07:00:00,86204.3,86563.1,86041.8,86220.0,3347.438
2025-02-27 08:00:00,86220.0,86386.5,85836.6,86026.5,3764.925
2025-02-27 09:00:00,86026.5,86314.3,85814.3,86132.0,2965.287
2025-02-27 10:00:00,86132.0,87032.4,86001.8,86953.2,4227.451
2025-02-27 11:00:00,86953.2,87043.6,86335.4,86650.7,4431.327
2025-02-27 12:00:00,86650.7,86757.1,86204.8,86284.0,2556.696
2025-02-27 13:00:00,86284.0,86739.8,85711.1,86079.9,6933.373
2025-02-27 14:00:00,86079.9,86398.9,84920.2,84960.2,12451.842
2025-02-27 15:00:00,84960.2,86117.0,84614.3,85480.0,13138.375
2025-02-27 16:00:00,85480.0,85656.0,84315.6,84434.7,8762.035
2025-02-27 17:00:00,84434.7,84988.3,84300.0,84556.3,5979.897
2025-02-27 18:00:00,84556.3,84957.3,84473.0,84600.1,3344.593
2025-02-27 19:00:00,84600.1,84608.6,83550.9,84070.2,6544.7
2025-02-27 20:00:00,84070.2,84111.3,82670.0,83504.8,12085.921
2025-02-27 21:00:00,83504.8,84416.7,83208.0,84401.3,4551.675
2025-02-27 22:00:00,84401.3,84752.7,83854.6,84692.2,3313.456
2025-02-27 23:00:00,84692.2,84909.2,84384.4,84686.0,2457.942
2025-02-28 00:00:00,84686.0,84875.6,84213.0,84240.6,2082.208
2025-02-28 01:00:00,84240.6,84399.7,81000.1,81613.4,21523.46
2025-02-28 02:00:00,81613.4,82835.8,79400.9,80749.3,29382.305
2025-02-28 03:00:00,80749.3,81526.9,80189.0,80399.9,10217.809
2025-02-28 04:00:00,80399.9,80921.9,79290.5,80354.6,15509.835
2025-02-28 05:00:00,80354.6,80500.0,79102.1,79953.8,13518.051
2025-02-28 06:00:00,79953.8,80392.8,78950.6,79315.2,10391.421
2025-02-28 07:00:00,79315.2,80240.3,78814.8,79176.1,10452.459
2025-02-28 08:00:00,79176.1,79423.0,78210.5,78943.3,12924.844
2025-02-28 09:00:00,78943.3,80713.4,78851.5,80292.1,10488.05
2025-02-28 10:00:00,80292.1,80422.9,79476.2,79966.9,5675.533
2025-02-28 11:00:00,79966.9,80808.4,79922.2,80461.9,5611.55
2025-02-28 12:00:00,80461.9,80800.0,80038.9,80750.0,4652.593
2025-02-28 13:00:00,80750.0,81722.0,80566.1,81462.1,9989.47
2025-02-28 14:00:00,81462.1,82469.4,81010.0,82020.0,15066.454
2025-02-28 15:00:00,82020.0,84360.0,81906.7,83952.8,14736.221
2025-02-28 16:00:00,83952.8,84924.0,83414.0,84322.7,13050.517
2025-02-28 17:00:00,84322.7,84365.2,83548.6,83566.2,5476.762
2025-02-28 18:00:00,83566.2,85124.4,83168.4,84427.4,12701.494
2025-02-28 19:00:00,84427.4,84799.3,84200.1,84394.0,5101.212
2025-02-28 20:00:00,84394.0,84750.0,83573.6,84154.1,4448.893
2025-02-28 21:00:00,84154.1,84560.0,83963.1,84211.9,2286.0
2025-02-28 22:00:00,84211.9,84452.6,83844.1,84116.2,2455.941
2025-02-28 23:00:00,84116.2,84542.1,83973.2,84307.6,1612.288
2025-03-01 00:00:00,84307.6,84610.8,83760.9,83811.8,2138.398
2025-03-01 01:00:00,83811.8,84852.6,83808.8,84621.0,2534.342
2025-03-01 02:00:00,84621.0,85664.0,84305.0,85231.4,6921.291
2025-03-01 03:00:00,85231.4,85499.8,84925.0,85317.8,2476.886
2025-03-01 04:00:00,85317.8,86533.3,85293.5,86176.0,8074.679
2025-03-01 05:00:00,86176.0,86273.1,85542.0,85558.2,4268.887
2025-03-01 06:00:00,85558.2,85631.8,84782.4,85019.3,5398.66
2025-03-01 07:00:00,85019.3,85019.4,84665.9,84683.4,2879.941
2025-03-01 08:00:00,84683.4,85296.1,84683.4,85263.5,2423.242
2025-03-01 09:00:00,85263.5,85474.4,85078.5,85346.0,2127.474
2025-03-01 10:00:00,85346.0,85398.0,84740.0,84848.0,2512.986
2025-03-01 11:00:00,84848.0,84924.9,84335.6,84589.2,3292.677
2025-03-01 12:00:00,84589.2,84908.2,84425.0,84714.9,1945.422
2025-03-01 13:00:00,84714.9,84904.2,84280.0,84487.1,2962.923
2025-03-01 14:00:00,84487.1,84815.0,84375.0,84667.4,1589.758
2025-03-01 15:00:00,84667.4,84887.2,84502.5,84747.7,1368.616
2025-03-01 16:00:00,84747.7,85245.9,84646.7,85234.0,2279.778
2025-03-01 17:00:00,85234.0,85328.8,84903.1,85163.9,1424.711
2025-03-01 18:00:00,85163.9,85292.1,85020.1,85278.3,943.706
2025-03-01 19:00:00,85278.3,85582.6,85160.8,85440.1,1786.137
2025-03-01 20:00:00,85440.1,85555.2,85285.9,85499.6,706.78
2025-03-01 21:00:00,85499.6,86121.3,85245.5,86033.4,2005.752
2025-03-01 22:00:00,86033.4,86240.5,85633.4,86085.1,2442.123
2025-03-01 23:00:00,86085.1,86174.0,85637.0,86024.4,1554.531
2025-03-02 00:00:00,86024.4,86317.2,85764.2,85993.7,2059.609
2025-03-02 01:00:00,85993.7,86327.4,85933.7,86311.3,1630.178
2025-03-02 02:00:00,86311.3,86459.0,85573.0,85747.9,2621.242
2025-03-02 03:00:00,85747.9,86186.7,85722.7,85830.9,1450.984
2025-03-02 04:00:00,85830.9,85851.0,85486.9,85712.1,1808.9
2025-03-02 05:00:00,85712.1,86016.6,85634.5,85925.6,1226.624
2025-03-02 06:00:00,85925.6,86602.0,85887.7,86264.8,3144.402
2025-03-02 07:00:00,86264.8,86341.0,86054.1,86213.7,1173.481
2025-03-02 08:00:00,86213.7,86247.3,85661.6,85709.8,2633.549
2025-03-02 09:00:00,85709.8,86062.3,85613.7,85842.4,2072.839
2025-03-02 10:00:00,85842.4,85962.7,85731.0,85952.3,1013.064
2025-03-02 11:00:00,85952.3,86177.4,85906.4,86055.0,1129.731
2025-03-02 12:00:00,86055.0,86064.4,85703.0,85941.7,1188.862
2025-03-02 13:00:00,85941.7,85950.0,85414.5,85679.2,1778.565
2025-03-02 14:00:00,85679.2,85873.8,85007.7,85083.1,5318.315
2025-03-02 15:00:00,85083.1,88703.4,85048.0,87416.7,29108.2
2025-03-02 16:00:00,87416.7,91979.4,87283.0,91199.2,34384.187
2025-03-02 17:00:00,91199.2,95058.7,90633.3,94103.9,31093.2
2025-03-02 18:00:00,94103.9,94430.5,92346.9,92805.8,15295.713
2025-03-02 19:00:00,92805.8,93576.0,92619.4,93517.4,3957.439
2025-03-02 20:00:00,93517.4,94468.2,93507.0,94339.9,6226.659
2025-03-02 21:00:00,94339.9,94428.6,93689.2,94304.1,3527.299
2025-03-02 22:00:00,94304.1,94772.6,93911.0,94222.8,3099.025
2025-03-02 23:00:00,94222.8,94851.9,93850.0,94259.7,5740.552
2025-03-03 00:00:00,94259.7,94414.2,93300.0,93320.1,4668.471
2025-03-03 01:00:00,93320.1,93427.4,92660.0,93066.5,4167.725
2025-03-03 02:00:00,93066.5,93446.3,92411.0,93281.1,4191.155
2025-03-03 03:00:00,93281.1,93414.6,92450.1,92700.0,3576.699
2025-03-03 04:00:00,92700.0,92932.0,92580.0,92849.5,1157.018
2025-03-03 05:00:00,92849.5,93327.5,92814.5,93316.4,1864.418
2025-03-03 06:00:00,93316.4,93316.4,91309.2,91623.9,8152.763
2025-03-03 07:00:00,91623.9,92545.0,91150.3,92347.3,7353.352
2025-03-03 08:00:00,92347.3,92379.9,91094.6,91457.0,5141.592
2025-03-03 09:00:00,91457.0,92049.9,91174.0,91822.8,4357.993
2025-03-03 10:00:00,91822.8,92591.9,91519.0,92520.9,3045.587
2025-03-03 11:00:00,92520.9,92888.0,92375.3,92718.3,3009.706
2025-03-03 12:00:00,92718.3,93228.9,92611.0,92984.0,5201.626
2025-03-03 13:00:00,92984.0,93666.8,92838.7,93544.2,4468.964
2025-03-03 14:00:00,93544.2,93697.0,89155.0,89270.3,25482.362
2025-03-03 15:00:00,89270.3,91300.0,89130.0,90048.6,19433.198
2025-03-03 16:00:00,90048.6,90789.5,89711.5,90156.1,8109.341
2025-03-03 17:00:00,90156.1,91037.5,89911.0,90304.6,4504.311
2025-03-03 18:00:00,90304.6,90457.2,86661.8,87120.2,30867.198
2025-03-03 19:00:00,87120.2,87700.0,85456.8,85532.1,20935.945
2025-03-03 20:00:00,85532.1,86380.8,85128.5,86033.2,15619.944
2025-03-03 21:00:00,86033.2,86536.7,85023.4,85309.3,7045.781
2025-03-03 22:00:00,85309.3,86983.4,85235.3,86583.0,5700.388
2025-03-03 23:00:00,86583.0,86740.0,85937.9,86165.3,3754.87
2025-03-04 00:00:00,86165.3,86761.1,85810.5,85992.8,4022.102
2025-03-04 01:00:00,85992.8,86142.9,82512.9,83333.2,20655.094
2025-03-04 02:00:00,83333.2,84350.0,82378.7,83867.7,14005.163
2025-03-04 03:00:00,83867.7,84404.7,83563.8,83939.9,5452.058
2025-03-04 04:00:00,83939.9,84014.0,83278.4,83379.6,3901.571
2025-03-04 05:00:00,83379.6,84569.1,83309.3,84239.8,6339.267
2025-03-04 06:00:00,84239.8,84369.8,83533.3,83820.1,2939.16
2025-03-04 07:00:00,83820.1,83967.7,83086.3,83138.6,3649.666
2025-03-04 08:00:00,83138.6,83899.9,82968.0,83857.7,4472.322
2025-03-04 09:00:00,83857.7,84150.0,83590.6,83706.7,2276.748
2025-03-04 10:00:00,83706.7,84034.6,83450.0,83935.7,2334.697
2025-03-04 11:00:00,83935.7,84350.0,83653.0,83900.0,2735.714
2025-03-04 12:00:00,83900.0,83941.0,83214.2,83729.5,3570.988
2025-03-04 13:00:00,83729.5,83729.5,82267.1,82775.5,10219.118
2025-03-04 14:00:00,82775.5,84975.9,82023.3,83162.7,26699.42
2025-03-04 15:00:00,83162.7,83342.0,81413.7,82950.0,20034.164
2025-03-04 16:00:00,82950.0,83781.0,81970.6,83508.4,10066.633
2025-03-04 17:00:00,83508.4,85490.0,83365.5,85409.9,12362.164
2025-03-04 18:00:00,85409.9,86900.0,85152.0,86729.2,11640.468
2025-03-04 19:00:00,86729.2,88515.6,86500.9,88183.9,14592.086
2025-03-04 20:00:00,88183.9,88830.5,86648.1,86841.8,10708.129
2025-03-04 21:00:00,86841.8,88946.0,86561.1,87520.0,12097.759
2025-03-04 22:00:00,87520.0,87939.8,87396.6,87471.7,2632.805
2025-03-04 23:00:00,87471.7,87733.0,87087.0,87260.1,1988.437
2025-03-05 00:00:00,87260.1,87273.2,86350.8,86785.7,3541.393
2025-03-05 01:00:00,86785.7,87789.0,86580.4,87609.5,3487.327
2025-03-05 02:00:00,87609.5,87886.0,87023.9,87450.7,3171.773
2025-03-05 03:00:00,87450.7,87874.9,86749.5,86829.0,2843.228
2025-03-05 04:00:00,86829.0,87377.0,86706.1,86908.3,2565.538
2025-03-05 05:00:00,86908.3,87234.0,86832.0,87122.7,1113.274
2025-03-05 06:00:00,87122.7,87549.8,86975.5,87450.4,1395.106
2025-03-05 07:00:00,87450.4,87709.8,87323.0,87579.7,1505.897
2025-03-05 08:00:00,87579.7,87899.9,87562.3,87724.8,1427.629
2025-03-05 09:00:00,87724.8,88777.0,87640.0,88426.4,4326.137
2025-03-05 10:00:00,88426.4,90622.8,88330.0,89882.7,10319.695
2025-03-05 11:00:00,89882.7,90100.0,89518.1,89776.5,4358.072
2025-03-05 12:00:00,89776.5,90930.0,89776.5,90320.5,8115.542
2025-03-05 13:00:00,90320.5,90562.9,89111.0,89444.5,9069.698
2025-03-05 14:00:00,89444.5,89840.8,88107.7,88508.8,13070.515
2025-03-05 15:00:00,88508.8,89574.1,87843.3,88306.1,11449.11
2025-03-05 16:00:00,88306.1,89257.2,87553.2,88888.0,8204.392
2025-03-05 17:00:00,88888.0,90444.0,88743.6,89664.4,9186.316
2025-03-05 18:00:00,89664.4,89924.1,88852.0,89674.3,6367.494
2025-03-05 19:00:00,89674.3,90116.0,89430.0,89716.5,3297.52
2025-03-05 20:00:00,89716.5,90528.8,89631.6,90450.0,3551.561
2025-03-05 21:00:00,90450.0,90645.6,89873.3,90313.8,3079.772
2025-03-05 22:00:00,90313.8,90510.8,89966.6,90400.2,1544.829
2025-03-05 23:00:00,90400.2,90975.0,90260.5,90567.8,2607.682
2025-03-06 00:00:00,90567.8,90779.2,89961.3,90027.0,3093.7
2025-03-06 01:00:00,90027.0,91890.0,90017.0,91004.1,6223.585
2025-03-06 02:00:00,91004.1,91987.9,90949.1,91782.0,5472.361
2025-03-06 03:00:00,91782.0,91999.9,91360.0,91573.8,2373.121
2025-03-06 04:00:00,91573.8,92419.3,91482.2,92252.0,4047.393
2025-03-06 05:00:00,92252.0,92781.6,92073.5,92690.9,3629.521
2025-03-06 06:00:00,92690.9,92731.7,91760.0,91895.3,4376.098
2025-03-06 07:00:00,91895.3,91980.1,91236.1,91324.6,2858.773
2025-03-06 08:00:00,91324.6,91572.8,91072.6,91129.7,2892.461
2025-03-06 09:00:00,91129.7,91159.3,90592.9,90720.2,3753.203
2025-03-06 10:00:00,90720.2,91642.0,90570.4,91248.3,4464.159
2025-03-06 11:00:00,91248.3,91557.7,90952.0,91298.6,2882.755
2025-03-06 12:00:00,91298.6,91352.0,89748.0,90054.2,6785.313
2025-03-06 13:00:00,90054.2,90433.1,89433.2,89522.1,6520.299
2025-03-06 14:00:00,89522.1,90376.7,89065.3,89771.7,10424.21
2025-03-06 15:00:00,89771.7,91427.2,89581.8,90779.9,10130.153
2025-03-06 16:00:00,90779.9,91020.0,89176.1,89283.9,6859.655
2025-03-06 17:00:00,89283.9,89309.8,87933.8,88592.0,10819.548
2025-03-06 18:00:00,88592.0,88921.6,88100.0,88386.2,4416.72
2025-03-06 19:00:00,88386.2,89381.8,87800.1,88495.2,5706.251
2025-03-06 20:00:00,88495.2,89337.8,88435.2,88999.6,4223.332
2025-03-06 21:00:00,88999.6,89890.2,88903.7,89890.2,4275.214
2025-03-06 22:00:00,89890.2,90756.2,89434.2,90251.2,10551.68
2025-03-06 23:00:00,90251.2,90530.2,89864.0,89899.6,2887.632
2025-03-07 00:00:00,89899.6,91279.5,84594.7,85485.4,36801.833
2025-03-07 01:00:00,85485.4,88888.0,85148.3,88212.6,18733.206
2025-03-07 02:00:00,88212.6,88428.0,87183.6,87203.8,6826.037
2025-03-07 03:00:00,87203.8,87657.8,86740.6,86952.3,4324.92
2025-03-07 04:00:00,86952.3,87843.9,86806.9,87591.8,3107.323
2025-03-07 05:00:00,87591.8,88412.3,87542.2,88191.4,3337.769
2025-03-07 06:00:00,88191.4,88325.7,87760.5,88185.9,2846.446
2025-03-07 07:00:00,88185.9,88595.9,88070.3,88324.2,2989.902
2025-03-07 08:00:00,88324.2,88470.6,87957.4,88325.0,2160.229
2025-03-07 09:00:00,88325.0,89678.3,88316.7,88899.9,5423.437
2025-03-07 10:00:00,88899.9,89250.0,88708.7,89218.5,2205.028
2025-03-07 11:00:00,89218.5,89417.0,88720.5,88946.6,2705.656
2025-03-07 12:00:00,88946.6,89292.7,88272.7,89040.0,5545.47
2025-03-07 13:00:00,89040.0,90350.7,88961.5,89138.9,15128.213
2025-03-07 14:00:00,89138.9,91119.0,88617.5,90445.4,16010.686
2025-03-07 15:00:00,90445.4,90795.7,87973.6,88439.9,19934.903
2025-03-07 16:00:00,88439.9,88963.0,86598.2,87232.2,14507.09
2025-03-07 17:00:00,87232.2,88621.0,86530.4,87673.6,12598.504
2025-03-07 18:00:00,87673.6,89043.7,87482.7,88573.0,8979.731
2025-03-07 19:00:00,88573.0,88893.7,87284.7,87792.8,7305.119
2025-03-07 20:00:00,87792.8,88500.0,86487.7,86965.2,12962.595
2025-03-07 21:00:00,86965.2,87359.0,85453.4,86273.2,18261.353
2025-03-07 22:00:00,86273.2,86821.7,85575.0,86717.4,5777.136
2025-03-07 23:00:00,86717.4,86800.3,85922.8,86758.5,3924.182
2025-03-08 00:00:00,86758.5,86886.3,86501.0,86694.9,1811.305
2025-03-08 01:00:00,86694.9,86756.9,85185.9,86068.7,5754.414
2025-03-08 02:00:00,86068.7,86300.0,85908.1,86142.6,1936.258
2025-03-08 03:00:00,86142.6,86147.5,85410.0,85869.9,1992.071
2025-03-08 04:00:00,85869.9,86466.7,85617.7,86408.3,2084.788
2025-03-08 05:00:00,86408.3,86420.4,85969.6,86237.4,1274.056
2025-03-08 06:00:00,86237.4,86620.0,86230.0,86435.6,1952.496
2025-03-08 07:00:00,86435.6,86499.6,86076.9,86165.6,1105.914
2025-03-08 08:00:00,86165.6,86296.5,86002.3,86030.1,1271.992
2025-03-08 09:00:00,86030.1,86427.2,85787.8,85911.8,1913.452
2025-03-08 10:00:00,85911.8,86241.0,85911.7,86084.9,1138.544
2025-03-08 11:00:00,86084.9,86089.8,85719.0,85923.9,1670.187
2025-03-08 12:00:00,85923.9,86379.0,85775.0,86163.8,1899.921
2025-03-08 13:00:00,86163.8,86485.0,86077.0,86272.6,1562.537
2025-03-08 14:00:00,86272.6,86602.7,86159.1,86324.9,1758.826
2025-03-08 15:00:00,86324.9,86573.1,86170.1,86363.9,901.436
2025-03-08 16:00:00,86363.9,86421.6,85777.0,86105.7,2751.567
2025-03-08 17:00:00,86105.7,86116.8,85615.3,85896.7,2298.258
2025-03-08 18:00:00,85896.7,86040.7,85824.9,86004.4,606.251
2025-03-08 19:00:00,86004.4,86491.0,85750.0,86189.9,1798.392
2025-03-08 20:00:00,86189.9,86330.9,86132.8,86245.3,493.227
2025-03-08 21:00:00,86245.3,86475.0,86157.0,86195.0,727.219
2025-03-08 22:00:00,86195.0,86340.6,85813.3,86311.4,1662.022
2025-03-08 23:00:00,86311.4,86368.3,86026.2,86187.2,1386.795
2025-03-09 00:00:00,86187.2,86434.3,86080.6,86392.6,837.407
2025-03-09 01:00:00,86392.6,86485.0,86053.0,86155.8,919.544
2025-03-09 02:00:00,86155.8,86239.0,85955.9,85962.3,841.564
2025-03-09 03:00:00,85962.3,86180.6,85910.0,86080.0,802.416
2025-03-09 04:00:00,86080.0,86096.0,85891.2,86023.4,669.443
2025-03-09 05:00:00,86023.4,86119.8,85936.0,85992.4,554.612
2025-03-09 06:00:00,85992.4,86000.7,85760.0,85865.1,1310.646
2025-03-09 07:00:00,85865.1,86142.5,85792.0,85971.6,1164.215
2025-03-09 08:00:00,85971.6,86066.8,85725.0,85750.9,812.149
2025-03-09 09:00:00,85750.9,85846.0,85338.9,85533.6,3149.763
2025-03-09 10:00:00,85533.6,85589.4,84637.9,84810.9,7599.092
2025-03-09 11:00:00,84810.9,85050.0,84584.3,84954.3,4410.91
2025-03-09 12:00:00,84954.3,84997.7,84156.6,84558.6,6640.872
2025-03-09 13:00:00,84558.6,84650.0,83415.0,83422.1,6464.096
2025-03-09 14:00:00,83422.1,83772.9,82940.0,83558.3,8500.651
2025-03-09 15:00:00,83558.3,83726.9,82700.0,83037.3,6274.501
2025-03-09 16:00:00,83037.3,83723.7,82258.2,82436.6,9165.237
2025-03-09 17:00:00,82436.6,82905.3,82151.4,82319.9,6549.37
2025-03-09 18:00:00,82319.9,83290.0,82220.0,82608.1,6789.708
2025-03-09 19:00:00,82608.1,82888.0,82245.9,82545.7,6117.946
2025-03-09 20:00:00,82545.7,83461.2,82512.8,82975.0,4167.608
2025-03-09 21:00:00,82975.0,82979.8,81444.9,81774.2,8287.756
2025-03-09 22:00:00,81774.2,81989.1,80125.0,80314.9,10113.291
2025-03-09 23:00:00,80314.9,80988.2,79913.4,80692.3,9310.065
2025-03-10 00:00:00,80692.3,81434.0,79947.0,81214.9,10099.613
2025-03-10 01:00:00,81214.9,81820.2,80731.2,81691.9,5672.95
2025-03-10 02:00:00,81691.9,82675.0,81453.7,82150.0,6770.603
2025-03-10 03:00:00,82150.0,82295.0,81750.0,81994.3,3522.24
2025-03-10 04:00:00,81994.3,82600.0,81951.5,82576.4,2223.043
2025-03-10 05:00:00,82576.4,82739.3,82077.7,82272.7,2124.853
2025-03-10 06:00:00,82272.7,82377.5,81923.3,82291.8,1738.26
2025-03-10 07:00:00,82291.8,82654.8,81998.2,82272.0,2503.85
2025-03-10 08:00:00,82272.0,82344.7,81085.4,81301.6,6349.449
2025-03-10 09:00:00,81301.6,84050.0,81280.1,82449.5,16836.432
2025-03-10 10:00:00,82449.5,82633.9,81560.0,82229.2,7331.826
2025-03-10 11:00:00,82229.2,83777.7,82007.4,83541.9,8174.162
2025-03-10 12:00:00,83541.9,83743.8,82593.0,83212.4,8978.367
2025-03-10 13:00:00,83212.4,83280.0,81366.6,81488.0,11887.25
2025-03-10 14:00:00,81488.0,81488.0,79120.0,79795.9,27509.673
2025-03-10 15:00:00,79795.9,81072.3,79513.6,80011.0,12436.519
2025-03-10 16:00:00,80011.0,80212.0,78926.6,78958.1,8632.009
2025-03-10 17:00:00,78958.1,79272.0,78105.0,78399.0,15282.903
2025-03-10 18:00:00,78399.0,79105.7,77444.0,77614.7,12334.172
2025-03-10 19:00:00,77614.7,79480.1,77403.1,79019.5,12454.142
2025-03-10 20:00:00,79019.5,79713.9,78358.1,79260.1,6921.403
2025-03-10 21:00:00,79260.1,79860.6,78906.0,79530.9,5147.198
2025-03-10 22:00:00,79530.9,79815.7,79152.0,79467.9,2832.974
2025-03-10 23:00:00,79467.9,79677.7,78452.0,78563.2,3872.283
2025-03-11 00:00:00,78563.2,79209.4,76545.0,77612.9,14628.839
2025-03-11 01:00:00,77612.9,79096.2,76750.0,79078.8,10189.121
2025-03-11 02:00:00,79078.8,79599.9,78879.8,79312.1,5456.144
2025-03-11 03:00:00,79312.1,79936.7,79230.2,79486.6,3081.257
2025-03-11 04:00:00,79486.6,80212.4,79406.1,79708.0,4709.872
2025-03-11 05:00:00,79708.0,80466.0,79664.8,80215.2,3781.258
2025-03-11 06:00:00,80215.2,80496.0,80069.0,80070.3,2921.895
2025-03-11 07:00:00,80070.3,80579.4,80053.7,80391.6,2880.067
2025-03-11 08:00:00,80391.6,81497.0,80282.8,81069.8,7838.464
2025-03-11 09:00:00,81069.8,81850.0,81067.8,81413.1,4857.833
2025-03-11 10:00:00,81413.1,81849.3,81230.9,81772.6,4281.891
2025-03-11 11:00:00,81772.6,82081.9,81360.8,81685.3,4050.884
2025-03-11 12:00:00,81685.3,81881.8,81023.8,81204.1,6054.213
2025-03-11 13:00:00,81204.1,82257.4,80500.0,80848.0,17782.892
2025-03-11 14:00:00,80848.0,81353.8,79000.0,79743.8,27884.228
2025-03-11 15:00:00,79743.8,81636.9,79623.0,81180.4,14408.03
2025-03-11 16:00:00,81180.4,81863.0,80609.4,81360.1,8920.143
2025-03-11 17:00:00,81360.1,81696.6,80732.9,81260.8,7187.85
2025-03-11 18:00:00,81260.8,83449.4,81244.8,83251.8,12840.518
2025-03-11 19:00:00,83251.8,83622.9,82838.1,83082.7,7772.918
2025-03-11 20:00:00,83082.7,83156.7,82572.4,82772.0,3758.047
2025-03-11 21:00:00,82772.0,83230.5,82769.5,83072.8,2039.593
2025-03-11 22:00:00,83072.8,83273.8,82935.8,83100.1,1430.013
2025-03-11 23:00:00,83100.1,83156.6,82518.8,82889.2,2352.577
2025-03-12 00:00:00,82889.2,83096.0,82564.8,82723.4,2057.976
2025-03-12 01:00:00,82723.4,83738.0,82707.5,83270.6,3762.877
2025-03-12 02:00:00,83270.6,83285.9,82206.1,82402.1,5713.579
2025-03-12 03:00:00,82402.1,82557.6,82076.1,82098.2,2699.229
2025-03-12 04:00:00,82098.2,82148.4,81597.8,81775.8,3504.43
2025-03-12 05:00:00,81775.8,81995.0,81574.0,81938.7,2344.251
2025-03-12 06:00:00,81938.7,81938.8,81245.1,81382.2,2882.353
2025-03-12 07:00:00,81382.2,82538.2,81286.0,82423.7,7844.023
2025-03-12 08:00:00,82423.7,82855.0,82032.4,82671.0,7799.051
2025-03-12 09:00:00,82671.0,82920.8,82225.0,82660.2,4093.113
2025-03-12 10:00:00,82660.2,82755.7,82096.9,82480.0,3162.133
2025-03-12 11:00:00,82480.0,83082.1,82419.3,82989.9,3450.009
2025-03-12 12:00:00,82989.9,84489.8,82852.5,84026.6,19247.199
2025-03-12 13:00:00,84026.6,84177.0,82315.8,82662.7,13076.401
2025-03-12 14:00:00,82662.7,82891.3,81474.0,81475.0,13514.962
2025-03-12 15:00:00,81475.0,81931.7,80534.6,81646.6,17590.395
2025-03-12 16:00:00,81646.6,82225.0,81528.3,81904.8,8213.701
2025-03-12 17:00:00,81904.8,82837.1,81732.2,81807.9,6807.713
2025-03-12 18:00:00,81807.9,82769.0,81681.6,82593.6,5019.04
2025-03-12 19:00:00,82593.6,83120.0,82445.2,82868.8,4840.758
2025-03-12 20:00:00,82868.8,83150.9,82652.0,83084.2,1673.827
2025-03-12 21:00:00,83084.2,83296.7,82815.3,83061.5,2034.703
2025-03-12 22:00:00,83061.5,83660.0,83052.9,83610.4,2628.919
2025-03-12 23:00:00,83610.4,83862.1,83372.5,83649.9,2784.85
2025-03-13 00:00:00,83649.9,83990.0,83414.3,83426.7,3282.674
2025-03-13 01:00:00,83426.7,84232.4,83282.0,83889.9,3211.876
2025-03-13 02:00:00,83889.9,84343.2,83743.4,83768.1,2455.809
2025-03-13 03:00:00,83768.1,84172.0,83514.9,83550.0,2296.996
2025-03-13 04:00:00,83550.0,83677.9,83183.2,83257.5,2783.098
2025-03-13 05:00:00,83257.5,83500.0,83036.5,83125.6,2012.093
2025-03-13 06:00:00,83125.6,83296.4,82811.1,83250.0,2260.569
2025-03-13 07:00:00,83250.0,83530.0,83089.6,83128.2,2749.485
2025-03-13 08:00:00,83128.2,83227.4,82357.7,82926.4,4894.524
2025-03-13 09:00:00,82926.4,83485.5,82920.9,83388.3,3529.797
2025-03-13 10:00:00,83388.3,83459.2,82949.5,83133.8,2558.397
2025-03-13 11:00:00,83133.8,83180.3,82650.1,82924.3,2508.205
2025-03-13 12:00:00,82924.3,83838.0,82233.5,82486.5,9794.573
2025-03-13 13:00:00,82486.5,83091.3,81562.5,81742.8,8766.836
2025-03-13 14:00:00,81742.8,82453.7,81508.0,81965.4,8949.062
2025-03-13 15:00:00,81965.4,82150.5,80905.2,80999.9,9494.431
2025-03-13 16:00:00,80999.9,81200.0,80590.1,80821.9,7387.423
2025-03-13 17:00:00,80821.9,80840.9,79888.0,80020.0,10022.91
2025-03-13 18:00:00,80020.0,80890.0,79950.0,80767.2,6490.275
2025-03-13 19:00:00,80767.2,80992.0,80090.7,80170.8,4825.745
2025-03-13 20:00:00,80170.8,80678.1,80156.1,80326.1,3079.862
2025-03-13 21:00:00,80326.1,80827.5,80235.4,80756.4,2385.05
2025-03-13 22:00:00,80756.4,81338.2,80667.7,81330.1,2865.329
2025-03-13 23:00:00,81330.1,81428.2,80986.0,81072.3,2241.354
2025-03-14 00:00:00,81072.3,81628.2,80766.6,81435.5,3431.197
2025-03-14 01:00:00,81435.5,81832.5,81150.3,81545.6,2700.329
2025-03-14 02:00:00,81545.6,82218.4,81531.0,82177.2,3552.054
2025-03-14 03:00:00,82177.2,82213.1,81700.1,81854.0,2434.838
2025-03-14 04:00:00,81854.0,82001.5,81805.0,81910.4,1226.694
2025-03-14 05:00:00,81910.4,82186.0,81787.5,82112.3,1264.446
2025-03-14 06:00:00,82112.3,82150.0,81743.3,82002.0,2085.257
2025-03-14 07:00:00,82002.0,82422.0,81859.7,82141.6,2562.738
2025-03-14 08:00:00,82141.6,82600.0,82139.4,82553.6,2532.93
2025-03-14 09:00:00,82553.6,82899.9,82527.2,82740.0,3135.168
2025-03-14 10:00:00,82740.0,83251.1,82625.0,83011.0,3806.498
2025-03-14 11:00:00,83011.0,83317.4,82925.6,83220.1,2818.174
2025-03-14 12:00:00,83220.1,83493.3,83009.0,83391.8,3664.658
2025-03-14 13:00:00,83391.8,83885.1,83001.8,83566.6,7775.54
2025-03-14 14:00:00,83566.6,83572.1,82585.4,83499.9,12140.724
2025-03-14 15:00:00,83499.9,85299.9,83499.9,84714.7,17676.383
2025-03-14 16:00:00,84714.7,84943.1,83914.2,84770.0,9444.318
2025-03-14 17:00:00,84770.0,84828.4,84163.0,84332.4,3940.248
2025-03-14 18:00:00,84332.4,84699.4,84163.5,84530.6,3206.539
2025-03-14 19:00:00,84530.6,84920.0,84430.1,84520.0,3498.106
2025-03-14 20:00:00,84520.0,84527.4,83702.0,84110.8,4822.018
2025-03-14 21:00:00,84110.8,84285.0,83936.0,84178.3,1543.283
2025-03-14 22:00:00,84178.3,84480.0,84071.3,84402.0,1993.541
2025-03-14 23:00:00,84402.0,84410.0,83920.0,83948.3,1556.159
2025-03-15 00:00:00,83948.3,84310.0,83936.3,84259.4,1576.233
2025-03-15 01:00:00,84259.4,84559.1,84081.4,84323.9,1675.83
2025-03-15 02:00:00,84323.9,84611.8,84128.7,84509.3,1687.17
2025-03-15 03:00:00,84509.3,84661.8,84388.4,84459.8,1685.82
2025-03-15 04:00:00,84459.8,84545.0,84277.6,84435.8,1499.352
2025-03-15 05:00:00,84435.8,84461.4,84233.3,84233.3,835.13
2025-03-15 06:00:00,84233.3,84281.4,84144.4,84165.4,840.982
2025-03-15 07:00:00,84165.4,84180.9,83780.5,83811.9,2677.33
2025-03-15 08:00:00,83811.9,84006.3,83591.8,83877.4,2339.033
2025-03-15 09:00:00,83877.4,83942.8,83680.7,83935.6,1395.812
2025-03-15 10:00:00,83935.6,83958.9,83625.0,83870.0,1444.806
2025-03-15 11:00:00,83870.0,84144.2,83777.2,84055.1,1748.353
2025-03-15 12:00:00,84055.1,84242.6,83972.3,84113.2,1908.943
2025-03-15 13:00:00,84113.2,84429.8,84110.0,84404.7,1676.363
2025-03-15 14:00:00,84404.7,84404.7,84068.3,84104.1,1384.969
2025-03-15 15:00:00,84104.1,84362.4,84100.0,84299.5,890.252
2025-03-15 16:00:00,84299.5,84457.2,84146.4,84318.3,919.402
2025-03-15 17:00:00,84318.3,84456.6,84227.5,84393.4,945.047
2025-03-15 18:00:00,84393.4,84446.3,84100.0,84189.2,1065.927
2025-03-15 19:00:00,84189.2,84292.0,84061.1,84260.0,792.305
2025-03-15 20:00:00,84260.0,84426.4,84259.9,84354.5,775.951
2025-03-15 21:00:00,84354.5,84442.0,84200.9,84353.6,751.592
2025-03-15 22:00:00,84353.6,84404.7,84278.2,84341.9,599.574
2025-03-15 23:00:00,84341.9,84366.4,84234.9,84308.4,484.837
2025-03-16 00:00:00,84308.4,84351.9,84183.5,84221.2,740.145
2025-03-16 01:00:00,84221.2,84248.6,83806.0,83845.4,1971.231
2025-03-16 02:00:00,83845.4,84107.3,83718.9,83928.7,1614.61
2025-03-16 03:00:00,83928.7,84352.5,83854.0,84293.9,1495.702
2025-03-16 04:00:00,84293.9,84380.0,84204.2,84360.1,979.901
2025-03-16 05:00:00,84360.1,84370.8,84264.8,84353.5,448.04
2025-03-16 06:00:00,84353.5,84360.0,84175.7,84180.0,574.783
2025-03-16 07:00:00,84180.0,84328.2,83928.4,84235.8,1863.474
2025-03-16 08:00:00,84235.8,84295.5,84122.6,84216.5,784.772
2025-03-16 09:00:00,84216.5,84228.2,83756.8,83859.6,2142.196
2025-03-16 10:00:00,83859.6,84020.0,83614.2,83623.8,2559.022
2025-03-16 11:00:00,83623.8,83667.2,82309.1,82346.6,11901.447
2025-03-16 12:00:00,82346.6,82879.9,82338.0,82704.4,4885.559
2025-03-16 13:00:00,82704.4,83081.0,82450.1,82550.1,4070.8
2025-03-16 14:00:00,82550.1,83328.4,82529.1,83322.7,3399.875
2025-03-16 15:00:00,83322.7,83466.4,82938.5,83273.5,2908.4
2025-03-16 16:00:00,83273.5,85136.0,83245.6,83601.4,17187.674
2025-03-16 17:00:00,83601.4,84095.5,83444.0,83871.5,4170.918
2025-03-16 18:00:00,83871.5,84060.0,83591.3,83660.1,1971.454
2025-03-16 19:00:00,83660.1,83700.0,82500.1,83066.1,6381.672
2025-03-16 20:00:00,83066.1,83408.2,82851.9,83177.9,2410.606
2025-03-16 21:00:00,83177.9,83183.5,82628.8,82728.2,1652.881
2025-03-16 22:00:00,82728.2,82790.1,82029.9,82048.1,6212.921
2025-03-16 23:00:00,82048.1,82592.0,81934.4,82528.5,3617.831
2025-03-17 00:00:00,82528.5,83116.0,82470.4,83011.7,2933.124
2025-03-17 01:00:00,83011.7,83375.0,82779.9,83197.7,2358.688
2025-03-17 02:00:00,83197.7,83333.0,82930.4,83179.7,1479.516
2025-03-17 03:00:00,83179.7,83696.8,83179.7,83630.2,2284.822
2025-03-17 04:00:00,83630.2,83836.2,83480.3,83584.4,2339.218
2025-03-17 05:00:00,83584.4,83584.4,83097.2,83097.2,2199.778
2025-03-17 06:00:00,83097.2,83271.4,82642.9,83185.0,2991.002
2025-03-17 07:00:00,83185.0,83600.0,83170.7,83519.1,2987.818
2025-03-17 08:00:00,83519.1,83694.3,83159.1,83500.8,2411.422
2025-03-17 09:00:00,83500.8,83749.3,83386.4,83619.7,2210.246
2025-03-17 10:00:00,83619.7,83646.0,83214.1,83300.1,2163.188
2025-03-17 11:00:00,83300.1,83662.9,83171.4,83473.9,2022.792
2025-03-17 12:00:00,83473.9,83999.9,82924.6,83003.9,11120.773
2025-03-17 13:00:00,83003.9,83698.0,82754.8,82971.2,7825.666
2025-03-17 14:00:00,82971.2,83325.3,82400.7,82880.1,8885.046
2025-03-17 15:00:00,82880.1,83673.0,82666.6,83497.5,4655.528
2025-03-17 16:00:00,83497.5,83841.5,83079.0,83408.7,4712.109
2025-03-17 17:00:00,83408.7,84320.8,83315.9,84170.7,5064.276
2025-03-17 18:00:00,84170.7,84569.4,83951.6,84468.2,4088.279
2025-03-17 19:00:00,84468.2,84728.5,84266.7,84433.4,3243.776
2025-03-17 20:00:00,84433.4,84462.7,83787.1,83919.9,3187.817
2025-03-17 21:00:00,83919.9,84222.7,83829.7,84026.7,1743.529
2025-03-17 22:00:00,84026.7,84205.0,83946.7,84009.8,911.003
2025-03-17 23:00:00,84009.8,84091.8,83686.2,83955.1,1485.737
2025-03-18 00:00:00,83955.1,83975.1,83653.3,83748.0,1395.861
2025-03-18 01:00:00,83748.0,83866.1,82949.2,83119.7,4508.126
2025-03-18 02:00:00,83119.7,83500.0,83027.1,83324.3,2133.902
2025-03-18 03:00:00,83324.3,83324.4,82905.8,83100.5,1648.825
2025-03-18 04:00:00,83100.5,83170.8,82801.6,82953.2,1334.651
2025-03-18 05:00:00,82953.2,83095.8,82869.9,82987.8,1506.93
2025-03-18 06:00:00,82987.8,82992.2,82200.1,82403.1,4169.599
2025-03-18 07:00:00,82403.1,83278.3,82309.5,83117.7,7568.49
2025-03-18 08:00:00,83117.7,83421.3,83000.0,83246.2,2557.686
2025-03-18 09:00:00,83246.2,83317.1,82750.0,82811.3,1979.838
2025-03-18 10:00:00,82811.3,82912.2,82564.2,82783.8,2480.871
2025-03-18 11:00:00,82783.8,82831.5,82471.5,82546.1,1662.864
2025-03-18 12:00:00,82546.1,82786.1,82283.2,82357.0,3150.437
2025-03-18 13:00:00,82357.0,82437.7,81125.8,81319.9,12265.752
2025-03-18 14:00:00,81319.9,81923.0,81093.6,81804.5,7841.125
2025-03-18 15:00:00,81804.5,82160.9,81485.0,81556.0,4609.796
2025-03-18 16:00:00,81556.0,82122.4,81491.2,81813.9,3365.094
2025-03-18 17:00:00,81813.9,81952.7,81286.9,81424.8,3904.83
2025-03-18 18:00:00,81424.8,81900.0,81175.3,81844.0,3209.676
2025-03-18 19:00:00,81844.0,82427.2,81708.1,82263.2,3571.74
2025-03-18 20:00:00,82263.2,82321.2,81828.0,82004.8,1803.426
2025-03-18 21:00:00,82004.8,82150.0,81878.8,82008.0,1003.47
2025-03-18 22:00:00,82008.0,82517.6,81945.5,82342.2,2049.572
2025-03-18 23:00:00,82342.2,82782.7,82342.2,82675.7,2427.739
2025-03-19 00:00:00,82675.7,83211.9,82561.2,83071.1,3570.348
2025-03-19 01:00:00,83071.1,83134.8,82535.2,82554.2,3121.312
2025-03-19 02:00:00,82554.2,82856.2,82475.5,82830.5,2104.213
2025-03-19 03:00:00,82830.5,83044.6,82708.2,82997.8,1613.932
2025-03-19 04:00:00,82997.8,83039.9,82752.7,82922.0,1065.972
2025-03-19 05:00:00,82922.0,83288.3,82885.0,83205.0,2362.008
2025-03-19 06:00:00,83205.0,83298.0,83072.0,83157.9,1312.665
2025-03-19 07:00:00,83157.9,83335.9,82997.7,83161.3,1635.421
2025-03-19 08:00:00,83161.3,83478.9,83149.5,83373.6,2053.504
2025-03-19 09:00:00,83373.6,83580.3,83318.7,83495.1,1793.7
2025-03-19 10:00:00,83495.1,83795.8,83424.8,83438.4,3271.227
2025-03-19 11:00:00,83438.4,84050.0,83344.0,83836.8,5127.793
2025-03-19 12:00:00,83836.8,83888.7,83483.9,83714.4,2827.704
2025-03-19 13:00:00,83714.4,84308.9,83588.9,84057.4,7518.77
2025-03-19 14:00:00,84057.4,84369.0,83833.0,84273.8,3849.869
2025-03-19 15:00:00,84273.8,84850.0,84067.0,84694.6,5886.419
2025-03-19 16:00:00,84694.6,84798.0,84400.0,84542.9,3755.103
2025-03-19 17:00:00,84542.9,84688.2,83730.6,84205.3,6266.102
2025-03-19 18:00:00,84205.3,85846.3,83505.9,85571.7,22908.712
2025-03-19 19:00:00,85571.7,85927.6,84891.9,85406.0,10769.261
2025-03-19 20:00:00,85406.0,85811.1,85161.0,85307.6,4192.342
2025-03-19 21:00:00,85307.6,85888.0,85286.2,85589.8,3694.927
2025-03-19 22:00:00,85589.8,86469.1,85589.8,86111.8,5315.176
2025-03-19 23:00:00,86111.8,86970.0,86111.8,86792.3,6028.424
2025-03-20 00:00:00,86792.3,87400.0,85909.6,85991.1,9652.671
2025-03-20 01:00:00,85991.1,86324.9,85696.5,85841.4,3601.286
2025-03-20 02:00:00,85841.4,86081.8,85584.0,86024.0,2427.177
2025-03-20 03:00:00,86024.0,86087.3,85790.9,85854.6,1177.934
2025-03-20 04:00:00,85854.6,85904.9,85366.0,85637.3,2613.526
2025-03-20 05:00:00,85637.3,85810.4,85433.8,85793.1,1602.84
2025-03-20 06:00:00,85793.1,85963.6,85595.7,85722.1,1969.707
2025-03-20 07:00:00,85722.1,85937.2,85663.8,85780.7,1335.438
2025-03-20 08:00:00,85780.7,86291.7,85675.8,86200.1,3093.172
2025-03-20 09:00:00,86200.1,86250.2,85756.6,85840.1,1802.419
2025-03-20 10:00:00,85840.1,85911.0,84746.4,85124.0,8703.444
2025-03-20 11:00:00,85124.0,85493.0,85118.4,85450.2,2773.702
2025-03-20 12:00:00,85450.2,85537.6,85138.2,85296.7,2560.677
2025-03-20 13:00:00,85296.7,85808.8,85028.7,85458.5,4622.68
2025-03-20 14:00:00,85458.5,86488.0,85414.5,86139.9,10998.161
2025-03-20 15:00:00,86139.9,86188.0,84510.4,84658.5,15172.319
2025-03-20 16:00:00,84658.5,84883.1,83605.8,83764.5,12553.452
2025-03-20 17:00:00,83764.5,84334.3,83688.0,84051.9,7964.964
2025-03-20 18:00:00,84051.9,84299.4,83900.0,84013.0,3361.485
2025-03-20 19:00:00,84013.0,84387.0,83875.0,84129.2,2744.655
2025-03-20 20:00:00,84129.2,84550.0,84094.9,84488.8,1689.7
2025-03-20 21:00:00,84488.8,84550.0,84195.8,84325.5,2126.816
2025-03-20 22:00:00,84325.5,84468.2,83939.1,84100.0,2394.279
2025-03-20 23:00:00,84100.0,84307.7,83880.0,84168.9,2089.542
2025-03-21 00:00:00,84168.9,84475.0,84118.2,84452.5,1801.174
2025-03-21 01:00:00,84452.5,84749.9,84327.7,84735.6,2598.517
2025-03-21 02:00:00,84735.6,84800.0,84469.9,84638.7,1828.942
2025-03-21 03:00:00,84638.7,84686.0,84222.6,84402.9,1791.721
2025-03-21 04:00:00,84402.9,84758.5,84402.8,84620.9,2197.745
2025-03-21 05:00:00,84620.9,84627.0,84286.0,84420.3,1483.389
2025-03-21 06:00:00,84420.3,84430.2,84000.0,84165.0,2541.953
2025-03-21 07:00:00,84165.0,84228.1,83700.0,83897.9,2998.995
2025-03-21 08:00:00,83897.9,84118.0,83684.6,83971.9,2931.983
2025-03-21 09:00:00,83971.9,84313.5,83747.3,84099.9,3479.635
2025-03-21 10:00:00,84099.9,84251.3,83841.7,84108.3,2092.016
2025-03-21 11:00:00,84108.3,84124.9,83891.3,84001.3,1161.05
2025-03-21 12:00:00,84001.3,84323.5,83333.0,83424.8,6088.032
2025-03-21 13:00:00,83424.8,84065.2,83136.3,83898.8,9553.936
2025-03-21 14:00:00,83898.8,84252.0,83453.0,84197.9,5331.014
2025-03-21 15:00:00,84197.9,84240.0,83508.0,83524.7,3481.115
2025-03-21 16:00:00,83524.7,84124.8,83311.3,84068.2,5295.688
2025-03-21 17:00:00,84068.2,84112.3,83666.7,83981.0,2148.484
2025-03-21 18:00:00,83981.0,84431.5,83865.1,84058.6,3158.225
2025-03-21 19:00:00,84058.6,84165.6,83742.6,83921.0,2699.631
2025-03-21 20:00:00,83921.0,84211.2,83771.8,84172.1,1288.238
2025-03-21 21:00:00,84172.1,84567.3,84129.4,84358.2,2416.696
2025-03-21 22:00:00,84358.2,84374.1,84062.9,84140.5,1149.144
2025-03-21 23:00:00,84140.5,84189.8,84002.8,84054.6,802.91
2025-03-22 00:00:00,84054.6,84215.1,84015.3,84147.3,1145.111
2025-03-22 01:00:00,84147.3,84287.4,83950.8,84027.3,937.051
2025-03-22 02:00:00,84027.3,84200.0,83968.8,84142.5,646.956
2025-03-22 03:00:00,84142.5,84260.0,84092.1,84214.1,520.155
2025-03-22 04:00:00,84214.1,84350.0,84163.7,84321.4,691.177
2025-03-22 05:00:00,84321.4,84388.7,84209.2,84289.1,810.343
2025-03-22 06:00:00,84289.1,84365.4,84120.9,84296.7,878.409
2025-03-22 07:00:00,84296.7,84350.0,84180.7,84238.2,433.158
2025-03-22 08:00:00,84238.2,84244.6,84078.8,84180.6,703.943
2025-03-22 09:00:00,84180.6,84500.0,84180.6,84313.5,1500.804
2025-03-22 10:00:00,84313.5,84398.5,84309.2,84367.0,531.89
2025-03-22 11:00:00,84367.0,84375.5,84168.0,84193.9,990.424
2025-03-22 12:00:00,84193.9,84259.0,84142.3,84184.7,603.821
2025-03-22 13:00:00,84184.7,84200.0,84000.0,84128.9,1016.511
2025-03-22 14:00:00,84128.9,84171.7,83957.1,83966.7,937.757
2025-03-22 15:00:00,83966.7,84090.0,83932.5,84067.1,1093.341
2025-03-22 16:00:00,84067.1,84110.1,84017.6,84092.5,573.801
2025-03-22 17:00:00,84092.5,84217.2,84073.6,84189.8,680.817
2025-03-22 18:00:00,84189.8,84279.5,84151.0,84194.5,930.75
2025-03-22 19:00:00,84194.5,84236.7,84119.2,84130.9,390.343
2025-03-22 20:00:00,84130.9,84170.0,83904.0,83904.0,1120.587
2025-03-22 21:00:00,83904.0,84057.6,83801.1,83974.3,1347.361
2025-03-22 22:00:00,83974.3,84023.9,83903.9,83910.1,693.243
2025-03-22 23:00:00,83910.1,83914.2,83616.0,83805.9,1726.64
2025-03-23 00:00:00,83805.9,84000.0,83753.2,83958.1,1070.561
2025-03-23 01:00:00,83958.1,84095.7,83931.3,84029.4,732.246
2025-03-23 02:00:00,84029.4,84257.5,83944.8,84196.5,980.068
2025-03-23 03:00:00,84196.5,84203.9,84096.6,84198.6,542.945
2025-03-23 04:00:00,84198.6,84198.6,84023.4,84070.0,561.3
2025-03-23 05:00:00,84070.0,84204.0,84054.2,84189.6,338.059
2025-03-23 06:00:00,84189.6,84244.8,84146.1,84193.1,389.385
2025-03-23 07:00:00,84193.1,84290.6,84159.5,84230.1,765.819
2025-03-23 08:00:00,84230.1,84308.5,84218.4,84300.0,766.488
2025-03-23 09:00:00,84300.0,84326.0,84272.5,84279.2,501.183
2025-03-23 10:00:00,84279.2,84469.0,84265.6,84414.5,1039.388
2025-03-23 11:00:00,84414.5,84990.0,84414.4,84632.8,5977.157
2025-03-23 12:00:00,84632.8,84782.0,84526.4,84681.3,1306.699
2025-03-23 13:00:00,84681.3,85076.2,84601.9,85030.0,2832.869
2025-03-23 14:00:00,85030.0,85167.6,84801.7,84860.1,3158.152
2025-03-23 15:00:00,84860.1,85230.5,84860.0,85141.5,2635.283
2025-03-23 16:00:00,85141.5,85400.0,84893.6,85211.0,3924.922
2025-03-23 17:00:00,85211.0,85382.9,84838.7,84982.4,2614.753
2025-03-23 18:00:00,84982.4,85008.1,84755.5,84939.9,1741.537
2025-03-23 19:00:00,84939.9,85052.1,84871.3,84971.5,675.539
2025-03-23 20:00:00,84971.5,85235.3,84971.5,85053.4,1211.543
2025-03-23 21:00:00,85053.4,85153.8,84880.0,85144.0,950.227
2025-03-23 22:00:00,85144.0,85649.9,85123.0,85329.1,4468.376
2025-03-23 23:00:00,85329.1,86088.0,85329.1,86037.8,3742.961
2025-03-24 00:00:00,86037.8,86611.2,85818.1,85989.5,6805.845
2025-03-24 01:00:00,85989.5,86003.0,85492.5,85529.9,3474.13
2025-03-24 02:00:00,85529.9,85907.5,85488.4,85830.5,2418.344
2025-03-24 03:00:00,85830.5,86543.0,85823.2,86501.1,4503.967
2025-03-24 04:00:00,86501.1,86917.6,86501.0,86806.3,5270.504
2025-03-24 05:00:00,86806.3,87010.0,86779.5,86869.2,2808.772
2025-03-24 06:00:00,86869.2,87269.0,86861.7,87090.7,4592.68
2025-03-24 07:00:00,87090.7,87150.3,86718.1,86843.6,3059.489
2025-03-24 08:00:00,86843.6,87487.9,86824.2,87369.4,4571.984
2025-03-24 09:00:00,87369.4,87472.0,87083.1,87127.2,2840.554
2025-03-24 10:00:00,87127.2,87888.0,87084.5,87740.0,5345.172
2025-03-24 11:00:00,87740.0,87790.0,87481.3,87646.6,2555.733
2025-03-24 12:00:00,87646.6,87671.5,87216.5,87299.9,5680.763
2025-03-24 13:00:00,87299.9,87679.9,87109.2,87657.8,5071.935
2025-03-24 14:00:00,87657.8,88740.0,87588.7,87933.0,16549.411
2025-03-24 15:00:00,87933.0,88326.5,87632.8,88283.9,4774.95
2025-03-24 16:00:00,88283.9,88448.4,87636.3,88007.7,6608.544
2025-03-24 17:00:00,88007.7,88426.8,87894.4,88414.6,3764.268
2025-03-24 18:00:00,88414.6,88496.1,88072.8,88400.0,2815.973
2025-03-24 19:00:00,88400.0,88448.8,87920.6,88165.2,3609.697
2025-03-24 20:00:00,88165.2,88441.1,87759.1,87785.9,2957.554
2025-03-24 21:00:00,87785.9,88230.4,87766.7,88067.2,1852.336
2025-03-24 22:00:00,88067.2,88146.9,87283.7,87419.4,4126.465
2025-03-24 23:00:00,87419.4,87489.7,86963.8,87459.9,3540.0
2025-03-25 00:00:00,87459.9,87646.3,87209.0,87565.3,2516.882
2025-03-25 01:00:00,87565.3,87565.3,86763.1,87053.9,4099.079
2025-03-25 02:00:00,87053.9,87058.1,86776.8,86819.6,1390.246
2025-03-25 03:00:00,86819.6,86954.7,86288.0,86468.5,5020.05
2025-03-25 04:00:00,86468.5,86619.6,86261.0,86497.8,2453.124
2025-03-25 05:00:00,86497.8,86724.0,86342.0,86594.0,2287.217
2025-03-25 06:00:00,86594.0,86832.3,86471.1,86502.0,2114.574
2025-03-25 07:00:00,86502.0,86765.0,86302.0,86408.9,2687.684
2025-03-25 08:00:00,86408.9,86720.0,86360.9,86662.2,1455.772
2025-03-25 09:00:00,86662.2,87310.9,86592.2,87181.6,4710.714
2025-03-25 10:00:00,87181.6,87244.0,86906.6,87084.8,2044.357
2025-03-25 11:00:00,87084.8,87479.5,87015.0,87333.4,3696.185
2025-03-25 12:00:00,87333.4,87406.8,86872.8,87056.9,3041.322
2025-03-25 13:00:00,87056.9,87964.9,87011.0,87571.1,8895.934
2025-03-25 14:00:00,87571.1,88178.8,87301.8,87951.3,7641.565
2025-03-25 15:00:00,87951.3,88200.0,87666.0,87731.2,4912.261
2025-03-25 16:00:00,87731.2,87950.5,87603.9,87765.1,2735.437
2025-03-25 17:00:00,87765.1,88296.5,87765.1,87885.5,3817.12
2025-03-25 18:00:00,87885.5,88007.2,87520.0,87752.7,2295.887
2025-03-25 19:00:00,87752.7,88198.0,87752.7,88053.8,3124.679
2025-03-25 20:00:00,88053.8,88500.0,87766.5,87815.1,6484.628
2025-03-25 21:00:00,87815.1,88186.0,87671.9,87716.2,2527.117
2025-03-25 22:00:00,87716.2,87756.4,87124.9,87404.7,4809.466
2025-03-25 23:00:00,87404.7,87455.0,87074.2,87362.4,2380.036
2025-03-26 00:00:00,87362.4,87781.9,87181.3,87606.1,2689.739
2025-03-26 01:00:00,87606.1,87869.3,87525.0,87795.7,1555.336
2025-03-26 02:00:00,87795.7,87800.0,87270.5,87294.1,1655.603
2025-03-26 03:00:00,87294.1,87374.5,86980.2,87122.2,2075.015
2025-03-26 04:00:00,87122.2,87411.8,86997.9,87285.1,2366.642
2025-03-26 05:00:00,87285.1,87608.2,87183.3,87481.7,1991.057
2025-03-26 06:00:00,87481.7,87896.9,87411.0,87863.0,2029.993
2025-03-26 07:00:00,87863.0,88284.0,87727.5,88103.4,4675.437
2025-03-26 08:00:00,88103.4,88166.4,87846.0,87926.9,2318.415
2025-03-26 09:00:00,87926.9,88027.4,87790.0,87899.8,1199.845
2025-03-26 10:00:00,87899.8,88234.0,87891.8,88176.5,2523.841
2025-03-26 11:00:00,88176.5,88216.5,87895.8,87919.5,2261.899
2025-03-26 12:00:00,87919.5,87980.0,87558.6,87774.1,3231.68
2025-03-26 13:00:00,87774.1,87873.2,86650.0,86794.1,9579.806
2025-03-26 14:00:00,86794.1,87242.6,86363.1,86705.1,10743.799
2025-03-26 15:00:00,86705.1,86969.0,86492.6,86686.5,3776.306
2025-03-26 16:00:00,86686.5,87038.8,86298.5,86443.3,3748.944
2025-03-26 17:00:00,86443.3,86766.0,86408.1,86513.3,2731.015
2025-03-26 18:00:00,86513.3,86696.2,86082.1,86146.2,3871.635
2025-03-26 19:00:00,86146.2,86757.6,85800.1,86518.6,6994.341
2025-03-26 20:00:00,86518.6,87358.8,86460.5,87241.0,7408.498
2025-03-26 21:00:00,87241.0,87256.5,86690.0,87061.0,3386.559
2025-03-26 22:00:00,87061.0,87116.3,86714.8,86787.7,2136.746
2025-03-26 23:00:00,86787.7,86904.1,86518.6,86860.8,2444.633
2025-03-27 00:00:00,86860.8,87295.0,86747.6,87242.2,2875.101
2025-03-27 01:00:00,87242.2,87510.9,87135.1,87340.7,3199.399
2025-03-27 02:00:00,87340.7,87727.9,87296.7,87530.0,3067.911
2025-03-27 03:00:00,87530.0,87646.0,87392.2,87626.7,1516.513
2025-03-27 04:00:00,87626.7,87650.0,87375.0,87480.0,1423.773
2025-03-27 05:00:00,87480.0,87480.0,87230.0,87284.5,1695.798
2025-03-27 06:00:00,87284.5,87521.2,87244.8,87308.3,1908.782
2025-03-27 07:00:00,87308.3,87388.8,87201.3,87349.9,1203.475
2025-03-27 08:00:00,87349.9,87565.2,87203.8,87391.7,2112.382
2025-03-27 09:00:00,87391.7,87515.8,87361.2,87377.8,1657.007
2025-03-27 10:00:00,87377.8,87570.0,87070.0,87148.2,2844.27
2025-03-27 11:00:00,87148.2,87279.7,86755.0,86900.1,3983.396
2025-03-27 12:00:00,86900.1,87055.0,86656.5,86700.0,4264.844
2025-03-27 13:00:00,86700.0,86813.9,85695.4,86339.9,14039.476
2025-03-27 14:00:00,86339.9,87275.0,86142.0,87239.8,10292.405
2025-03-27 15:00:00,87239.8,87529.1,86690.1,86914.3,7408.298
2025-03-27 16:00:00,86914.3,87222.0,86740.0,86776.4,3246.844
2025-03-27 17:00:00,86776.4,87110.0,86728.3,86845.4,2772.396
2025-03-27 18:00:00,86845.4,87387.1,86812.2,87159.4,2857.6
2025-03-27 19:00:00,87159.4,87385.1,86977.1,87019.9,2490.46
2025-03-27 20:00:00,87019.9,87293.0,86884.8,87254.9,2007.744
2025-03-27 21:00:00,87254.9,87699.9,87186.9,87530.6,3038.855
2025-03-27 22:00:00,87530.6,87570.5,87275.1,87310.2,1218.309
2025-03-27 23:00:00,87310.2,87331.2,87075.6,87181.7,1571.792
2025-03-28 00:00:00,87181.7,87353.5,86867.3,87291.1,2704.771
2025-03-28 01:00:00,87291.1,87479.4,87075.0,87191.9,2034.072
2025-03-28 02:00:00,87191.9,87288.9,86904.5,86946.4,1879.471
2025-03-28 03:00:00,86946.4,86968.5,86702.6,86744.5,2336.298
2025-03-28 04:00:00,86744.5,86788.0,85904.0,86243.6,6856.195
2025-03-28 05:00:00,86243.6,86245.3,85780.0,86010.1,4857.424
2025-03-28 06:00:00,86010.1,86210.0,85600.1,85680.1,4407.712
2025-03-28 07:00:00,85680.1,85841.7,85108.3,85158.0,8599.949
2025-03-28 08:00:00,85158.0,85398.5,85008.8,85166.3,5205.494
2025-03-28 09:00:00,85166.3,85375.0,84943.3,85107.9,3641.631
2025-03-28 10:00:00,85107.9,85209.6,84850.0,84908.7,3321.547
2025-03-28 11:00:00,84908.7,85208.0,84750.0,85200.9,5233.105
2025-03-28 12:00:00,85200.9,85598.4,84832.1,84992.0,7216.919
2025-03-28 13:00:00,84992.0,85526.6,84851.6,84953.2,6878.551
2025-03-28 14:00:00,84953.2,85074.8,84118.0,84138.3,11932.092
2025-03-28 15:00:00,84138.3,84513.5,83927.2,84006.8,7912.064
2025-03-28 16:00:00,84006.8,84184.9,83629.6,83751.7,7459.348
2025-03-28 17:00:00,83751.7,83975.0,83545.0,83974.2,4127.648
2025-03-28 18:00:00,83974.2,84131.3,83671.1,83840.0,2504.672
2025-03-28 19:00:00,83840.0,83877.1,83608.0,83764.0,2479.866
2025-03-28 20:00:00,83764.0,84141.3,83669.4,83768.0,2958.13
2025-03-28 21:00:00,83768.0,84074.3,83652.8,84017.7,1375.67
2025-03-28 22:00:00,84017.7,84440.0,84017.6,84439.9,2181.057
2025-03-28 23:00:00,84439.9,84488.0,84158.8,84375.0,1701.797
2025-03-29 00:00:00,84375.0,84573.8,84294.7,84349.7,1334.563
2025-03-29 01:00:00,84349.7,84455.2,84153.3,84224.8,1740.612
2025-03-29 02:00:00,84224.8,84371.1,83731.8,83802.5,2264.94
2025-03-29 03:00:00,83802.5,84212.8,83659.1,84120.0,2121.345
2025-03-29 04:00:00,84120.0,84221.9,83918.2,84036.4,724.581
2025-03-29 05:00:00,84036.4,84059.4,83800.5,83960.1,657.937
2025-03-29 06:00:00,83960.1,83960.1,83625.2,83751.4,1536.726
2025-03-29 07:00:00,83751.4,83854.9,83613.0,83689.5,1506.667
2025-03-29 08:00:00,83689.5,83900.0,83624.7,83885.3,1085.386
2025-03-29 09:00:00,83885.3,83908.5,83204.8,83505.6,4715.532
2025-03-29 10:00:00,83505.6,83528.3,82767.1,82890.1,5861.744
2025-03-29 11:00:00,82890.1,83070.7,81958.3,82245.0,12028.789
2025-03-29 12:00:00,82245.0,82488.6,82086.9,82413.6,3601.301
2025-03-29 13:00:00,82413.6,82819.0,82400.0,82802.0,3327.076
2025-03-29 14:00:00,82802.0,82839.9,82419.2,82467.0,2513.635
2025-03-29 15:00:00,82467.0,82596.7,82335.1,82370.7,1722.012
2025-03-29 16:00:00,82370.7,82642.4,82101.9,82147.9,3581.842
2025-03-29 17:00:00,82147.9,82598.4,81602.9,82292.9,8875.569
2025-03-29 18:00:00,82292.9,82640.0,82171.1,82309.9,2200.765
2025-03-29 19:00:00,82309.9,82739.9,82168.0,82728.2,2226.698
2025-03-29 20:00:00,82728.2,82799.1,82375.8,82469.1,2248.1
2025-03-29 21:00:00,82469.1,82646.3,82312.0,82482.0,1312.514
2025-03-29 22:00:00,82482.0,82482.1,82221.3,82360.2,1090.388
2025-03-29 23:00:00,82360.2,82640.9,82298.3,82603.9,802.122
2025-03-30 00:00:00,82603.9,82852.0,82457.5,82765.4,1730.994
2025-03-30 01:00:00,82765.4,83037.3,82714.4,82890.7,2464.763
2025-03-30 02:00:00,82890.7,83320.0,82880.0,83270.0,2438.297
2025-03-30 03:00:00,83270.0,83450.0,83004.1,83042.1,2686.139
2025-03-30 04:00:00,83042.1,83280.9,83020.0,83069.4,1281.739
2025-03-30 05:00:00,83069.4,83182.5,82876.3,82921.3,1364.242
2025-03-30 06:00:00,82921.3,83258.3,82813.0,83144.7,1866.033
2025-03-30 07:00:00,83144.7,83277.9,83019.5,83032.9,1219.732
2025-03-30 08:00:00,83032.9,83365.6,83032.9,83340.0,1179.307
2025-03-30 09:00:00,83340.0,83474.3,83208.6,83454.0,1516.702
2025-03-30 10:00:00,83454.0,83496.8,83012.9,83084.0,2643.431
2025-03-30 11:00:00,83084.0,83320.2,82920.1,83073.1,2338.487
2025-03-30 12:00:00,83073.1,83225.4,82933.9,83022.8,1637.948
2025-03-30 13:00:00,83022.8,83111.5,82513.5,82646.6,4139.241
2025-03-30 14:00:00,82646.6,83012.0,82566.0,82764.0,2547.613
2025-03-30 15:00:00,82764.0,83032.4,82661.6,82692.9,1523.075
2025-03-30 16:00:00,82692.9,82775.1,82101.8,82242.0,4613.424
2025-03-30 17:00:00,82242.0,82542.2,81985.8,82375.4,3566.032
2025-03-30 18:00:00,82375.4,82760.0,82375.4,82699.8,1652.697
2025-03-30 19:00:00,82699.8,82870.0,82510.0,82512.0,1568.476
2025-03-30 20:00:00,82512.0,82628.1,82356.6,82522.5,1133.621
2025-03-30 21:00:00,82522.5,82676.8,82022.0,82190.2,1794.179
2025-03-30 22:00:00,82190.2,82724.1,81510.0,82396.7,6317.335
2025-03-30 23:00:00,82396.7,82400.0,81892.5,82347.9,3178.251
2025-03-31 00:00:00,82347.9,82405.4,81212.3,81598.6,6291.892
2025-03-31 01:00:00,81598.6,82222.0,81485.4,81915.1,4347.141
2025-03-31 02:00:00,81915.1,82122.7,81582.2,81885.8,2731.859
2025-03-31 03:00:00,81885.8,81989.1,81405.2,81486.7,3012.641
2025-03-31 04:00:00,81486.7,81825.0,81355.0,81805.3,2245.742
2025-03-31 05:00:00,81805.3,82279.6,81793.9,82130.0,2457.935
2025-03-31 06:00:00,82130.0,82240.0,81869.8,82016.2,2716.978
2025-03-31 07:00:00,82016.2,82267.6,81701.0,81899.3,2619.423
2025-03-31 08:00:00,81899.3,82237.0,81850.0,81872.2,2162.414
2025-03-31 09:00:00,81872.2,81936.8,81280.5,81410.8,4789.788
2025-03-31 10:00:00,81410.8,82180.0,81232.4,82137.0,3990.799
2025-03-31 11:00:00,82137.0,82234.1,81858.0,82169.3,3099.664
2025-03-31 12:00:00,82169.3,83128.4,81874.4,82735.0,7234.678
2025-03-31 13:00:00,82735.0,82830.0,81600.0,82465.3,11078.973
2025-03-31 14:00:00,82465.3,83735.1,82461.1,83451.0,14717.944
2025-03-31 15:00:00,83451.0,83895.7,83339.9,83377.8,8538.513
2025-03-31 16:00:00,83377.8,83640.5,83191.5,83246.7,4299.926
2025-03-31 17:00:00,83246.7,83500.0,82526.0,82621.3,4852.263
2025-03-31 18:00:00,82621.3,83525.0,82621.3,83238.8,4473.594
2025-03-31 19:00:00,83238.8,83393.8,82342.0,82409.3,4582.778
2025-03-31 20:00:00,82409.3,82781.2,82293.0,82369.8,4054.355
2025-03-31 21:00:00,82369.8,82715.6,82351.2,82502.9,2300.482
2025-03-31 22:00:00,82502.9,82513.8,82213.1,82355.2,1982.438
2025-03-31 23:00:00,82355.2,82828.8,82232.9,82504.4,2102.573
2025-04-01 00:00:00,82504.4,82769.8,82375.6,82600.0,2166.571
2025-04-01 01:00:00,82600.0,82691.2,82413.1,82659.9,1772.883
2025-04-01 02:00:00,82659.9,83065.9,82595.5,83052.4,2809.481
2025-04-01 03:00:00,83052.4,83200.0,82888.6,82928.3,1640.942
2025-04-01 04:00:00,82928.3,83199.2,82851.3,83030.9,1475.377
2025-04-01 05:00:00,83030.9,83293.0,82958.8,82975.0,1590.549
2025-04-01 06:00:00,82975.0,83468.7,82851.0,83425.7,3146.673
2025-04-01 07:00:00,83425.7,83572.8,83334.2,83420.1,2351.018
2025-04-01 08:00:00,83420.1,84174.6,83400.0,84066.6,6701.862
2025-04-01 09:00:00,84066.6,84350.0,84056.7,84317.9,4777.861
2025-04-01 10:00:00,84317.9,84471.2,84118.5,84152.3,4894.83
2025-04-01 11:00:00,84152.3,84182.7,83791.0,83895.0,3456.392
2025-04-01 12:00:00,83895.0,84125.3,83535.2,83577.7,3322.942
2025-04-01 13:00:00,83577.7,83849.5,83373.4,83591.9,7111.794
2025-04-01 14:00:00,83591.9,84298.9,82509.7,84135.4,15814.295
2025-04-01 15:00:00,84135.4,85468.3,84121.9,85250.0,14976.673
2025-04-01 16:00:00,85250.0,85455.0,84750.1,85070.1,8078.12
2025-04-01 17:00:00,85070.1,85297.0,84849.9,85077.1,3297.172
2025-04-01 18:00:00,85077.1,85132.8,84671.4,85069.1,3397.018
2025-04-01 19:00:00,85069.1,85131.9,84762.0,84908.8,2152.932
2025-04-01 20:00:00,84908.8,85342.2,84723.2,85197.3,3534.871
2025-04-01 21:00:00,85197.3,85442.8,85080.1,85191.2,1486.922
2025-04-01 22:00:00,85191.2,85429.8,85043.2,85066.8,1683.054
2025-04-01 23:00:00,85066.8,85555.0,84936.9,85130.5,2942.755
2025-04-02 00:00:00,85130.5,85235.0,84888.6,84933.5,1954.068
2025-04-02 01:00:00,84933.5,85184.4,84821.5,85111.1,2170.788
2025-04-02 02:00:00,85111.1,85133.9,84585.6,84679.0,3871.144
2025-04-02 03:00:00,84679.0,84870.0,84463.9,84504.0,1748.241
2025-04-02 04:00:00,84504.0,84678.1,84424.6,84562.3,1862.359
2025-04-02 05:00:00,84562.3,84562.3,84060.0,84060.0,2709.465
2025-04-02 06:00:00,84060.0,84320.8,83867.2,84075.0,3747.184
2025-04-02 07:00:00,84075.0,84420.4,83965.7,84382.4,2315.216
2025-04-02 08:00:00,84382.4,84700.0,84215.0,84619.9,2745.318
2025-04-02 09:00:00,84619.9,85429.6,84582.6,84989.8,5762.371
2025-04-02 10:00:00,84989.8,85258.8,84789.4,84822.7,3370.607
2025-04-02 11:00:00,84822.7,84942.3,84485.6,84520.0,3188.598
2025-04-02 12:00:00,84520.0,85016.8,84403.5,84995.6,4451.619
2025-04-02 13:00:00,84995.6,86066.2,84407.1,85169.7,14018.917
2025-04-02 14:00:00,85169.7,85940.1,85105.9,85833.1,8349.793
2025-04-02 15:00:00,85833.1,87297.1,85771.2,86699.3,19869.981
2025-04-02 16:00:00,86699.3,87186.3,86536.9,87013.4,6426.675
2025-04-02 17:00:00,87013.4,87278.0,86307.3,86580.5,6427.969
2025-04-02 18:00:00,86580.5,86688.1,86169.0,86252.7,3168.541
2025-04-02 19:00:00,86252.7,86993.4,86124.6,86853.9,3959.887
2025-04-02 20:00:00,86853.9,88560.1,85165.8,85622.4,48277.072
2025-04-02 21:00:00,85622.4,85698.4,84168.0,84808.1,11101.698
2025-04-02 22:00:00,84808.1,84808.1,82625.0,82777.1,13924.193
2025-04-02 23:00:00,82777.1,82813.0,82281.9,82468.1,7449.676
2025-04-03 00:00:00,82468.1,83350.0,82107.1,83170.6,8708.296
2025-04-03 01:00:00,83170.6,83888.0,83042.1,83714.7,5379.201
2025-04-03 02:00:00,83714.7,83859.1,83227.4,83725.6,4717.013
2025-04-03 03:00:00,83725.6,83735.0,83300.8,83442.4,2055.132
2025-04-03 04:00:00,83442.4,83697.0,83230.0,83517.2,2282.587
2025-04-03 05:00:00,83517.2,83684.9,83294.2,83305.3,1807.643
2025-04-03 06:00:00,83305.3,83387.3,82955.0,83010.5,2683.112
2025-04-03 07:00:00,83010.5,83466.9,82966.0,83422.0,2676.651
2025-04-03 08:00:00,83422.0,83774.8,83408.7,83646.2,3167.645
2025-04-03 09:00:00,83646.2,83735.3,83416.7,83442.1,1776.204
2025-04-03 10:00:00,83442.1,83714.4,83116.7,83186.8,3204.093
2025-04-03 11:00:00,83186.8,83320.3,83010.7,83061.8,2260.752
2025-04-03 12:00:00,83061.8,83116.1,81831.4,81904.0,10821.525
2025-04-03 13:00:00,81904.0,82750.0,81724.8,82338.5,12072.86
2025-04-03 14:00:00,82338.5,82364.0,81266.6,81481.6,13753.925
2025-04-03 15:00:00,81481.6,82046.3,81146.0,81990.1,7293.109
2025-04-03 16:00:00,81990.1,82409.6,81672.8,81792.4,5671.166
2025-04-03 17:00:00,81792.4,82146.6,81588.3,81790.0,3178.356
2025-04-03 18:00:00,81790.0,82298.2,81501.0,82079.4,4388.048
2025-04-03 19:00:00,82079.4,82327.8,81786.4,81971.7,3549.02
2025-04-03 20:00:00,81971.7,82397.0,81758.6,82334.1,2407.576
2025-04-03 21:00:00,82334.1,82837.6,82301.3,82694.0,3379.47
2025-04-03 22:00:00,82694.0,82854.2,82574.0,82707.8,2270.25
2025-04-03 23:00:00,82707.8,83288.3,82472.9,83175.2,3268.097
2025-04-04 00:00:00,83175.2,83389.9,82966.7,83012.5,2876.498
2025-04-04 01:00:00,83012.5,83330.4,82561.0,82676.5,2975.708
2025-04-04 02:00:00,82676.5,83150.0,82674.2,82870.0,1996.06
2025-04-04 03:00:00,82870.0,83029.6,82650.0,82786.5,1692.81
2025-04-04 04:00:00,82786.5,82884.0,82585.0,82684.1,1454.358
2025-04-04 05:00:00,82684.1,83178.9,82603.6,83163.7,1827.844
2025-04-04 06:00:00,83163.7,83228.3,83000.8,83018.6,1729.563
2025-04-04 07:00:00,83018.6,83999.2,83018.6,83973.7,7054.015
2025-04-04 08:00:00,83973.7,84637.4,83973.6,84391.5,9107.481
2025-04-04 09:00:00,84391.5,84736.0,84115.6,84553.0,4550.437
2025-04-04 10:00:00,84553.0,84675.7,82378.5,82543.7,18361.231
2025-04-04 11:00:00,82543.7,82740.9,81605.0,82617.9,14554.955
2025-04-04 12:00:00,82617.9,83183.3,82181.0,82837.8,12670.34
2025-04-04 13:00:00,82837.8,83510.5,82103.3,83308.0,13861.082
2025-04-04 14:00:00,83308.0,83497.9,81800.0,82516.1,16547.135
2025-04-04 15:00:00,82516.1,83682.0,82431.6,82813.1,17080.013
2025-04-04 16:00:00,82813.1,83539.8,82691.0,83359.3,10082.348
2025-04-04 17:00:00,83359.3,84600.0,82910.0,84454.9,14062.261
2025-04-04 18:00:00,84454.9,84577.3,83697.0,83965.1,8447.942
2025-04-04 19:00:00,83965.1,84450.0,83750.0,83989.0,5050.865
2025-04-04 20:00:00,83989.0,84260.8,83457.1,84132.8,5728.41
2025-04-04 21:00:00,84132.8,84418.9,83887.2,84149.1,2359.444
2025-04-04 22:00:00,84149.1,84242.0,83978.3,84020.3,1097.987
2025-04-04 23:00:00,84020.3,84079.9,83615.5,83862.1,1890.63
2025-04-05 00:00:00,83862.1,83862.1,83374.6,83758.5,2112.415
2025-04-05 01:00:00,83758.5,84244.0,83758.4,83958.6,2836.691
2025-04-05 02:00:00,83958.6,84074.9,83762.0,83939.9,1437.645
2025-04-05 03:00:00,83939.9,83940.0,83598.3,83600.0,994.97
2025-04-05 04:00:00,83600.0,83838.0,83580.0,83655.0,1010.851
2025-04-05 05:00:00,83655.0,83827.8,83596.8,83654.2,675.42
2025-04-05 06:00:00,83654.2,83703.4,83304.3,83436.8,1778.766
2025-04-05 07:00:00,83436.8,83529.3,83328.4,83483.3,1222.275
2025-04-05 08:00:00,83483.3,83623.4,83341.0,83489.7,1502.123
2025-04-05 09:00:00,83489.7,83832.2,83486.8,83807.0,1247.759
2025-04-05 10:00:00,83807.0,83872.8,83545.1,83608.0,1308.436
2025-04-05 11:00:00,83608.0,83661.0,83410.1,83428.0,1114.906
2025-04-05 12:00:00,83428.0,83526.6,83088.0,83245.6,2692.079
2025-04-05 13:00:00,83245.6,83311.2,82478.0,82714.9,6106.379
2025-04-05 14:00:00,82714.9,82991.2,82631.0,82871.6,2810.393
2025-04-05 15:00:00,82871.6,82871.7,82343.0,82579.5,3536.023
2025-04-05 16:00:00,82579.5,82797.0,82566.7,82718.9,1431.547
2025-04-05 17:00:00,82718.9,82919.9,82645.0,82840.1,1552.634
2025-04-05 18:00:00,82840.1,83084.0,82820.0,83010.0,2171.484
2025-04-05 19:00:00,83010.0,83125.5,82748.4,82827.7,1390.656
2025-04-05 20:00:00,82827.7,83071.8,82783.1,83052.2,1455.995
2025-04-05 21:00:00,83052.2,83237.9,82872.5,82892.6,1586.986
2025-04-05 22:00:00,82892.6,83194.0,82892.5,83154.1,1025.26
2025-04-05 23:00:00,83154.1,83659.9,83088.2,83496.7,2494.105
2025-04-06 00:00:00,83496.7,83574.8,83380.3,83488.5,1498.874
2025-04-06 01:00:00,83488.5,83774.3,83377.8,83390.0,2034.446
2025-04-06 02:00:00,83390.0,83454.6,83249.2,83266.0,1087.869
2025-04-06 03:00:00,83266.0,83382.6,83131.9,83313.8,1172.807
2025-04-06 04:00:00,83313.8,83471.0,83202.2,83471.0,881.829
2025-04-06 05:00:00,83471.0,83500.0,83292.9,83413.9,1006.145
2025-04-06 06:00:00,83413.9,83442.9,83075.9,83077.2,1620.673
2025-04-06 07:00:00,83077.2,83181.3,82984.0,82988.9,2000.79
2025-04-06 08:00:00,82988.9,83013.8,82683.2,82986.0,2919.491
2025-04-06 09:00:00,82986.0,83139.3,82887.1,83039.0,1257.267
2025-04-06 10:00:00,83039.0,83039.0,82658.5,82826.6,1807.439
2025-04-06 11:00:00,82826.6,82893.7,82617.5,82812.5,1868.358
2025-04-06 12:00:00,82812.5,82940.0,82585.3,82659.5,2609.408
2025-04-06 13:00:00,82659.5,82806.7,82159.7,82264.1,4889.396
2025-04-06 14:00:00,82264.1,82765.6,82177.8,82624.9,4130.208
2025-04-06 15:00:00,82624.9,82779.6,82347.0,82507.1,2380.024
2025-04-06 16:00:00,82507.1,82529.0,81867.5,81930.0,4970.657
2025-04-06 17:00:00,81930.0,81952.7,80512.3,80775.8,14114.864
2025-04-06 18:00:00,80775.8,80775.8,78643.0,79071.8,22586.334
2025-04-06 19:00:00,79071.8,79813.9,78781.5,79579.5,10995.795
2025-04-06 20:00:00,79579.5,79844.0,78437.6,78830.5,9407.549
2025-04-06 21:00:00,78830.5,79641.8,78669.1,78908.9,5969.594
2025-04-06 22:00:00,78908.9,79103.8,77715.6,78032.9,19800.242
2025-04-06 23:00:00,78032.9,78687.6,77083.5,78376.1,15436.21
2025-04-07 00:00:00,78376.1,78474.9,77355.0,78273.5,10137.112
2025-04-07 01:00:00,78273.5,79315.8,78263.4,79101.2,9081.587
2025-04-07 02:00:00,79101.2,79198.6,78350.0,78395.9,4507.383
2025-04-07 03:00:00,78395.9,78469.1,77303.9,77650.0,6710.063
2025-04-07 04:00:00,77650.0,77947.3,76572.4,76946.0,11332.482
2025-04-07 05:00:00,76946.0,77469.5,76611.9,76917.3,6542.782
2025-04-07 06:00:00,76917.3,77270.9,74520.0,74780.0,23203.958
2025-04-07 07:00:00,74780.0,75441.8,74456.2,75077.5,10632.629
2025-04-07 08:00:00,75077.5,76800.0,75040.9,76220.1,12020.756
2025-04-07 09:00:00,76220.1,76773.5,75706.8,76248.7,7289.375
2025-04-07 10:00:00,76248.7,77550.0,76110.0,76951.4,11166.522
2025-04-07 11:00:00,76951.4,77363.4,76389.2,76650.0,5588.165
2025-04-07 12:00:00,76650.0,77639.6,76376.0,77298.8,11389.053
2025-04-07 13:00:00,77298.8,78464.5,75739.6,78329.9,21486.87
2025-04-07 14:00:00,78329.9,81216.8,77815.4,78994.6,65853.458
2025-04-07 15:00:00,78994.6,79332.9,77467.0,78427.5,20115.416
2025-04-07 16:00:00,78427.5,78554.9,77250.0,77386.0,9715.595
2025-04-07 17:00:00,77386.0,79174.0,77384.0,79033.0,13530.969
2025-04-07 18:00:00,79033.0,79342.0,78237.0,78436.4,7854.29
2025-04-07 19:00:00,78436.4,78924.7,77976.0,78091.6,7286.719
2025-04-07 20:00:00,78091.6,79115.8,78057.1,78915.9,5439.5
2025-04-07 21:00:00,78915.9,79576.5,78643.4,79209.6,3513.635
2025-04-07 22:00:00,79209.6,80189.3,79132.6,79920.3,4532.931
2025-04-07 23:00:00,79920.3,80054.3,79052.9,79144.1,3805.903
2025-04-08 00:00:00,79144.1,79574.2,78960.0,78991.6,3568.241
2025-04-08 01:00:00,78991.6,80765.9,78738.9,80556.2,7654.222
2025-04-08 02:00:00,80556.2,80833.6,79869.6,79918.1,4223.116
2025-04-08 03:00:00,79918.1,80180.0,79716.0,79867.0,3006.677
2025-04-08 04:00:00,79867.0,80368.5,79822.1,80249.9,2322.311
2025-04-08 05:00:00,80249.9,80268.8,79501.0,79822.6,3343.819
2025-04-08 06:00:00,79822.6,79822.7,79242.6,79421.1,3119.643
2025-04-08 07:00:00,79421.1,79685.3,79188.9,79464.7,3311.373
2025-04-08 08:00:00,79464.7,79500.0,78915.8,79129.2,4114.861
2025-04-08 09:00:00,79129.2,79216.2,78829.5,78871.7,2707.022
2025-04-08 10:00:00,78871.7,79155.4,78777.2,78989.0,2448.29
2025-04-08 11:00:00,78989.0,80044.0,78934.9,79955.8,7119.68
2025-04-08 12:00:00,79955.8,80109.8,79545.1,79802.9,5448.984
2025-04-08 13:00:00,79802.9,80350.0,79318.6,79858.5,12518.117
2025-04-08 14:00:00,79858.5,80227.1,78427.0,78432.6,10868.005
2025-04-08 15:00:00,78432.6,78812.7,78128.0,78456.0,8905.935
2025-04-08 16:00:00,78456.0,78486.3,77312.7,77385.3,11621.834
2025-04-08 17:00:00,77385.3,77534.2,76503.6,77308.0,15701.53
2025-04-08 18:00:00,77308.0,77961.7,77032.3,77206.4,7756.888
2025-04-08 19:00:00,77206.4,77316.4,76316.1,76827.6,10878.991
2025-04-08 20:00:00,76827.6,77163.4,76558.3,77105.3,3438.607
2025-04-08 21:00:00,77105.3,77251.4,76689.1,77063.7,2613.997
2025-04-08 22:00:00,77063.7,77106.9,76200.9,76687.6,5080.398
2025-04-08 23:00:00,76687.6,76755.7,76252.4,76286.9,3229.361
2025-04-09 00:00:00,76286.9,76823.1,75877.6,76478.2,7004.435
2025-04-09 01:00:00,76478.2,76549.3,74565.9,76026.1,18113.763
2025-04-09 02:00:00,76026.1,76419.2,75517.5,75622.0,6103.834
2025-04-09 03:00:00,75622.0,75825.9,74968.0,75012.1,5717.541
2025-04-09 04:00:00,75012.1,76890.3,74936.6,76383.9,14031.959
2025-04-09 05:00:00,76383.9,76795.7,76185.9,76700.0,4065.014
2025-04-09 06:00:00,76700.0,77316.1,76670.0,76799.0,6303.799
2025-04-09 07:00:00,76799.0,77910.1,76783.5,77653.9,13041.18
2025-04-09 08:00:00,77653.9,77847.7,77039.2,77264.3,5575.68
2025-04-09 09:00:00,77264.3,77522.9,77112.4,77432.0,2874.133
2025-04-09 10:00:00,77432.0,77545.2,76907.8,77154.1,4162.693
2025-04-09 11:00:00,77154.1,77166.3,75742.3,76200.1,22361.359
2025-04-09 12:00:00,76200.1,77056.4,75982.2,76734.4,8508.817
2025-04-09 13:00:00,76734.4,77827.0,76665.0,77681.5,15832.92
2025-04-09 14:00:00,77681.5,78300.0,76767.6,76850.0,13360.848
2025-04-09 15:00:00,76850.0,77639.5,76829.7,77234.7,6907.237
2025-04-09 16:00:00,77234.7,78349.1,77110.0,78248.2,6983.54
2025-04-09 17:00:00,78248.2,82283.1,77625.8,82160.8,53185.295
2025-04-09 18:00:00,82160.8,82975.2,81669.2,81750.0,23189.448
2025-04-09 19:00:00,81750.0,82545.6,81731.0,82294.6,8681.387
2025-04-09 20:00:00,82294.6,83226.2,81972.1,83154.5,8401.009
2025-04-09 21:00:00,83154.5,83560.0,82815.5,83247.4,8814.147
2025-04-09 22:00:00,83247.4,83456.6,82907.9,83027.8,3776.188
2025-04-09 23:00:00,83027.8,83138.2,82510.5,82593.9,3114.95
2025-04-10 00:00:00,82593.9,82719.2,82036.9,82319.2,4000.428
2025-04-10 01:00:00,82319.2,82576.7,82190.0,82220.2,2119.526
2025-04-10 02:00:00,82220.2,82530.8,82155.1,82165.9,2049.276
2025-04-10 03:00:00,82165.9,82194.8,81440.8,81755.8,5099.011
2025-04-10 04:00:00,81755.8,82079.6,81621.4,81994.9,2783.211
2025-04-10 05:00:00,81994.9,82218.4,81888.5,82131.1,2772.364
2025-04-10 06:00:00,82131.1,82312.4,81803.9,82110.1,2762.295
2025-04-10 07:00:00,82110.1,82211.1,81255.5,81557.4,5307.089
2025-04-10 08:00:00,81557.4,81823.0,81387.8,81513.9,2407.039
2025-04-10 09:00:00,81513.9,82046.1,81301.0,82001.5,4332.372
2025-04-10 10:00:00,82001.5,82086.9,81535.1,81720.5,3153.992
2025-04-10 11:00:00,81720.5,81905.9,81457.4,81836.0,3319.233
2025-04-10 12:00:00,81836.0,82491.1,81400.3,81670.0,10958.25
2025-04-10 13:00:00,81670.0,81926.1,80750.0,80840.0,10623.749
2025-04-10 14:00:00,80840.0,81800.0,80600.1,81234.1,10082.725
2025-04-10 15:00:00,81234.1,81314.2,78565.8,78734.1,21896.958
2025-04-10 16:00:00,78734.1,79654.0,78422.0,79412.9,15426.453
2025-04-10 17:00:00,79412.9,79650.0,78575.9,79285.9,10036.925
2025-04-10 18:00:00,79285.9,79828.2,79170.9,79447.8,6039.892
2025-04-10 19:00:00,79447.8,80027.5,79252.8,79600.7,5358.244
2025-04-10 20:00:00,79600.7,79917.1,79523.3,79899.8,2617.143
2025-04-10 21:00:00,79899.8,80000.0,79634.5,79666.0,1793.614
2025-04-10 22:00:00,79666.0,79876.6,79489.8,79652.9,2161.393
2025-04-10 23:00:00,79652.9,79707.2,79339.2,79557.5,2222.904
2025-04-11 00:00:00,79557.5,79708.9,78928.2,79001.0,3906.577
2025-04-11 01:00:00,79001.0,80407.2,78972.1,80400.0,5788.509
2025-04-11 02:00:00,80400.0,80804.3,80118.0,80253.4,4339.271
2025-04-11 03:00:00,80253.4,80886.1,80253.3,80806.2,3222.423
2025-04-11 04:00:00,80806.2,81085.3,80681.0,80851.4,3532.298
2025-04-11 05:00:00,80851.4,80878.0,80481.6,80784.3,2238.17
2025-04-11 06:00:00,80784.3,81300.0,80784.3,81065.5,4026.431
2025-04-11 07:00:00,81065.5,81404.0,80807.9,81222.0,4003.424
2025-04-11 08:00:00,81222.0,81936.9,80750.0,81595.9,11724.444
2025-04-11 09:00:00,81595.9,82400.0,81412.5,82400.0,5373.785
2025-04-11 10:00:00,82400.0,82950.0,82269.8,82686.8,7015.678
2025-04-11 11:00:00,82686.8,82875.0,82010.0,82114.7,6210.246
2025-04-11 12:00:00,82114.7,82579.2,81806.1,82093.8,6852.227
2025-04-11 13:00:00,82093.8,83333.0,81784.5,82908.4,11136.682
2025-04-11 14:00:00,82908.4,82908.5,81315.7,81867.1,13426.788
2025-04-11 15:00:00,81867.1,82684.8,81675.0,82494.8,6219.226
2025-04-11 16:00:00,82494.8,82995.0,81970.0,82755.0,6289.69
2025-04-11 17:00:00,82755.0,84035.1,82660.9,83906.0,9435.833
2025-04-11 18:00:00,83906.0,84191.9,83488.8,83573.7,5968.076
2025-04-11 19:00:00,83573.7,83959.1,83527.5,83826.1,2590.914
2025-04-11 20:00:00,83826.1,83980.0,83642.5,83791.7,2828.653
2025-04-11 21:00:00,83791.7,84288.0,83581.0,83630.0,3737.866
2025-04-11 22:00:00,83630.0,83677.7,83293.7,83382.3,2473.132
2025-04-11 23:00:00,83382.3,83526.0,83126.3,83382.8,1737.531
2025-04-12 00:00:00,83382.8,83544.8,83200.1,83328.6,1632.649
2025-04-12 01:00:00,83328.6,83420.0,83111.0,83179.3,1231.863
2025-04-12 02:00:00,83179.3,83279.2,82764.0,82770.4,2420.529
2025-04-12 03:00:00,82770.4,83094.9,82753.3,82933.0,1498.4
2025-04-12 04:00:00,82933.0,83410.0,82803.6,83167.1,3095.411
2025-04-12 05:00:00,83167.1,83463.6,83148.0,83292.4,1584.043
2025-04-12 06:00:00,83292.4,83750.0,83292.4,83524.5,2645.802
2025-04-12 07:00:00,83524.5,83784.4,83455.1,83684.8,1985.275
2025-04-12 08:00:00,83684.8,83998.8,83426.5,83564.6,3327.352
2025-04-12 09:00:00,83564.6,83731.7,83374.1,83505.7,1587.658
2025-04-12 10:00:00,83505.7,83526.0,83260.1,83385.4,1479.964
2025-04-12 11:00:00,83385.4,83608.8,83380.4,83481.1,1270.628
2025-04-12 12:00:00,83481.1,83885.1,83433.5,83785.4,2282.962
2025-04-12 13:00:00,83785.4,84650.0,83524.3,84410.0,7931.36
2025-04-12 14:00:00,84410.0,85247.0,84256.8,84781.3,8898.793
2025-04-12 15:00:00,84781.3,85386.4,84573.5,84977.5,5965.491
2025-04-12 16:00:00,84977.5,85179.6,84553.7,84622.3,3689.962
2025-04-12 17:00:00,84622.3,84820.0,84400.0,84731.3,2937.316
2025-04-12 18:00:00,84731.3,85153.0,84712.0,85130.1,1826.884
2025-04-12 19:00:00,85130.1,85221.0,84777.1,84882.2,2643.481
2025-04-12 20:00:00,84882.2,85888.0,84815.6,85486.5,6391.555
2025-04-12 21:00:00,85486.5,85550.6,85225.0,85327.0,2689.49
2025-04-12 22:00:00,85327.0,85669.2,85289.9,85300.0,1487.861
2025-04-12 23:00:00,85300.0,85393.8,85125.0,85238.4,1337.197
2025-04-13 00:00:00,85238.4,85532.0,84967.1,85455.0,1925.629
2025-04-13 01:00:00,85455.0,86099.0,85085.0,85202.0,5631.583
2025-04-13 02:00:00,85202.0,85400.0,84666.8,85232.0,4501.33
2025-04-13 03:00:00,85232.0,85677.2,85190.9,85389.3,2532.631
2025-04-13 04:00:00,85389.3,85396.8,84441.0,84577.2,5382.04
2025-04-13 05:00:00,84577.2,84765.6,84358.4,84485.9,3061.273
2025-04-13 06:00:00,84485.9,84816.4,84402.7,84566.0,1620.868
2025-04-13 07:00:00,84566.0,84730.8,84370.7,84372.0,1405.982
2025-04-13 08:00:00,84372.0,84650.0,84242.7,84631.9,2255.909
2025-04-13 09:00:00,84631.9,84894.8,84453.3,84858.5,2293.597
2025-04-13 10:00:00,84858.5,84908.4,84466.0,84649.6,1873.279
2025-04-13 11:00:00,84649.6,84727.4,84147.0,84478.5,3001.033
2025-04-13 12:00:00,84478.5,84644.4,84189.8,84410.9,2507.697
2025-04-13 13:00:00,84410.9,84550.0,83413.0,83568.8,6259.939
2025-04-13 14:00:00,83568.8,84111.9,83457.6,84048.2,4315.295
2025-04-13 15:00:00,84048.2,84048.2,83619.8,83801.8,2270.304
2025-04-13 16:00:00,83801.8,84391.0,83796.9,84176.3,4883.936
2025-04-13 17:00:00,84176.3,84982.7,84136.5,84710.0,6036.136
2025-04-13 18:00:00,84710.0,84913.5,84460.5,84694.7,2656.595
2025-04-13 19:00:00,84694.7,84694.7,82953.1,83943.6,8381.961
2025-04-13 20:00:00,83943.6,84393.4,83091.6,83449.9,5702.798
2025-04-13 21:00:00,83449.9,83783.6,82977.9,83559.5,5780.005
2025-04-13 22:00:00,83559.5,83832.6,83120.0,83288.7,3595.336
2025-04-13 23:00:00,83288.7,83801.0,83117.4,83716.8,2024.212
2025-04-14 00:00:00,83716.8,85164.8,83637.5,84293.0,7949.187
2025-04-14 01:00:00,84293.0,84650.0,84039.6,84191.7,3006.753
2025-04-14 02:00:00,84191.7,85535.8,84001.2,85085.5,8367.253
2025-04-14 03:00:00,85085.5,85133.9,84412.1,84530.1,4681.977
2025-04-14 04:00:00,84530.1,85073.2,84373.0,84844.8,2603.891
2025-04-14 05:00:00,84844.8,84967.0,84303.6,84541.2,2881.107
2025-04-14 06:00:00,84541.2,84611.2,84250.0,84585.1,1713.114
2025-04-14 07:00:00,84585.1,84746.4,84169.7,84552.8,2201.626
2025-04-14 08:00:00,84552.8,84931.0,84400.0,84729.2,2285.15
2025-04-14 09:00:00,84729.2,84879.5,84210.4,84405.5,2119.07
2025-04-14 10:00:00,84405.5,84784.3,84266.9,84618.2,2966.392
2025-04-14 11:00:00,84618.2,84927.7,84466.1,84890.0,2364.017
2025-04-14 12:00:00,84890.0,85207.0,84708.6,85090.0,3755.884
2025-04-14 13:00:00,85090.0,85246.0,84021.3,84338.0,7422.426
2025-04-14 14:00:00,84338.0,85771.1,84230.0,85380.0,9087.764
2025-04-14 15:00:00,85380.0,85429.1,83639.4,84064.9,13491.362
2025-04-14 16:00:00,84064.9,84650.8,83812.7,84307.2,6257.25
2025-04-14 17:00:00,84307.2,84862.0,84180.9,84832.3,3305.861
2025-04-14 18:00:00,84832.3,85030.4,84632.8,84951.3,3242.374
2025-04-14 19:00:00,84951.3,85174.0,84718.7,84870.4,3357.837
2025-04-14 20:00:00,84870.4,84925.3,84485.3,84805.9,2164.488
2025-04-14 21:00:00,84805.9,84937.3,84409.6,84666.8,1769.753
2025-04-14 22:00:00,84666.8,84692.4,84381.7,84458.5,1229.726
2025-04-14 23:00:00,84458.5,84733.6,84376.7,84547.4,1152.415
2025-04-15 00:00:00,84547.4,84921.7,84300.9,84877.6,2377.111
2025-04-15 01:00:00,84877.6,85100.0,84484.0,84935.5,2421.197
2025-04-15 02:00:00,84935.5,85268.0,84657.9,85189.4,3845.499
2025-04-15 03:00:00,85189.4,85397.3,85040.0,85367.3,3505.286
2025-04-15 04:00:00,85367.3,85507.8,85126.0,85461.6,3310.068
2025-04-15 05:00:00,85461.6,85873.3,85451.2,85508.8,4314.991
2025-04-15 06:00:00,85508.8,85664.0,85326.0,85365.0,2898.23
2025-04-15 07:00:00,85365.0,85774.4,85365.0,85710.5,2595.263
2025-04-15 08:00:00,85710.5,85978.5,85650.0,85817.4,3777.672
2025-04-15 09:00:00,85817.4,85966.9,85577.3,85965.1,2899.516
2025-04-15 10:00:00,85965.1,85998.9,85419.8,85606.4,3443.989
2025-04-15 11:00:00,85606.4,85644.6,85327.3,85549.9,2307.985
2025-04-15 12:00:00,85549.9,85795.0,85405.4,85791.1,2472.648
2025-04-15 13:00:00,85791.1,86444.0,85459.0,85542.8,12006.983
2025-04-15 14:00:00,85542.8,85940.0,84764.5,85104.5,14411.493
2025-04-15 15:00:00,85104.5,85340.0,84560.7,84863.3,6407.191
2025-04-15 16:00:00,84863.3,85104.4,84723.8,84806.2,3432.787
2025-04-15 17:00:00,84806.2,84965.8,84360.0,84415.6,3405.916
2025-04-15 18:00:00,84415.6,84557.9,84088.0,84140.0,4093.185
2025-04-15 19:00:00,84140.0,84176.9,83865.0,83943.7,4128.429
2025-04-15 20:00:00,83943.7,84149.6,83747.1,83964.2,2738.294
2025-04-15 21:00:00,83964.2,84181.7,83812.6,84120.1,2316.251
2025-04-15 22:00:00,84120.1,84120.1,83650.9,83787.5,3011.505
2025-04-15 23:00:00,83787.5,83821.3,83518.5,83603.7,2455.283
2025-04-16 00:00:00,83603.7,83654.1,83079.2,83096.1,3896.915
2025-04-16 01:00:00,83096.1,83610.3,83055.0,83583.6,2712.996
2025-04-16 02:00:00,83583.6,83878.0,83537.1,83844.5,2694.05
2025-04-16 03:00:00,83844.5,83910.5,83608.3,83634.6,1527.159
2025-04-16 04:00:00,83634.6,83752.8,83342.6,83530.4,2202.063
2025-04-16 05:00:00,83530.4,83760.0,83150.0,83310.8,3558.755
2025-04-16 06:00:00,83310.8,83712.6,83220.0,83599.5,2089.15
2025-04-16 07:00:00,83599.5,83708.7,83264.0,83312.8,2073.194
2025-04-16 08:00:00,83312.8,84093.0,83075.3,83695.2,7058.517
2025-04-16 09:00:00,83695.2,83892.6,83550.5,83550.6,1763.648
2025-04-16 10:00:00,83550.6,83943.7,83521.1,83895.7,1969.169
2025-04-16 11:00:00,83895.7,84092.0,83722.0,84004.8,2444.829
2025-04-16 12:00:00,84004.8,84223.0,83671.9,83704.2,3254.867
2025-04-16 13:00:00,83704.2,84150.0,83456.7,83680.1,5616.182
2025-04-16 14:00:00,83680.1,84810.9,83655.3,84563.0,7645.237
2025-04-16 15:00:00,84563.0,85225.4,84460.0,84799.9,8592.397
2025-04-16 16:00:00,84799.9,85195.3,84650.0,85005.3,4571.195
2025-04-16 17:00:00,85005.3,85522.7,83242.7,83250.0,13963.059
2025-04-16 18:00:00,83250.0,84425.5,83224.4,83979.9,11265.71
2025-04-16 19:00:00,83979.9,84450.0,83750.0,84294.1,3680.108
2025-04-16 20:00:00,84294.1,84617.0,84193.2,84259.6,2069.336
2025-04-16 21:00:00,84259.6,84636.3,84220.0,84508.6,1600.595
2025-04-16 22:00:00,84508.6,84549.4,84253.8,84411.8,1180.571
2025-04-16 23:00:00,84411.8,84450.0,83985.3,83986.0,1684.096
2025-04-17 00:00:00,83986.0,84175.0,83889.8,84174.9,2026.746
2025-04-17 01:00:00,84174.9,84450.9,84078.2,84299.2,1446.786
2025-04-17 02:00:00,84299.2,84299.3,83962.3,84218.3,1612.043
2025-04-17 03:00:00,84218.3,84250.3,83762.0,83949.2,2026.622
2025-04-17 04:00:00,83949.2,84149.5,83849.4,84115.5,1159.197
2025-04-17 05:00:00,84115.5,84457.7,84050.0,84350.4,1578.405
2025-04-17 06:00:00,84350.4,84833.7,84285.6,84740.5,2754.812
2025-04-17 07:00:00,84740.5,85018.5,84566.0,84638.3,2769.812
2025-04-17 08:00:00,84638.3,84736.4,84352.8,84404.9,1762.897
2025-04-17 09:00:00,84404.9,84491.0,84304.1,84436.9,1779.097
2025-04-17 10:00:00,84436.9,84474.7,84134.1,84330.0,1824.157
2025-04-17 11:00:00,84330.0,84726.6,84231.5,84527.3,2276.87
2025-04-17 12:00:00,84527.3,84831.3,84527.2,84747.7,2813.249
2025-04-17 13:00:00,84747.7,84748.5,84268.9,84430.9,4177.907
2025-04-17 14:00:00,84430.9,84430.9,83677.4,84050.3,6596.436
2025-04-17 15:00:00,84050.3,84662.7,84050.2,84499.4,4453.012
2025-04-17 16:00:00,84499.4,85140.8,84339.5,84889.0,7463.184
2025-04-17 17:00:00,84889.0,85182.9,84748.3,85075.4,4642.172
2025-04-17 18:00:00,85075.4,85455.8,84866.4,84866.5,5643.26
2025-04-17 19:00:00,84866.5,85099.5,84452.8,84799.4,4220.8
2025-04-17 20:00:00,84799.4,85112.3,84799.0,85106.0,2182.332
2025-04-17 21:00:00,85106.0,85106.1,84854.4,85015.2,1119.559
2025-04-17 22:00:00,85015.2,85067.0,84685.0,84688.6,1430.871
2025-04-17 23:00:00,84688.6,84979.9,84688.6,84906.5,831.977
2025-04-18 00:00:00,84906.5,84974.6,84675.2,84775.5,1017.757
2025-04-18 01:00:00,84775.5,85104.7,84775.5,84888.9,1050.347
2025-04-18 02:00:00,84888.9,84947.0,84778.3,84865.9,656.02
2025-04-18 03:00:00,84865.9,84871.8,84704.5,84796.7,1059.96
2025-04-18 04:00:00,84796.7,84810.1,84550.0,84621.2,1503.93
2025-04-18 05:00:00,84621.2,84698.0,84468.9,84692.7,1462.634
2025-04-18 06:00:00,84692.7,84738.9,84550.0,84675.9,780.433
2025-04-18 07:00:00,84675.9,84690.0,84375.0,84615.1,1941.314
2025-04-18 08:00:00,84615.1,84738.9,84569.9,84611.2,1163.888
2025-04-18 09:00:00,84611.2,84617.9,84480.2,84505.4,929.96
2025-04-18 10:00:00,84505.4,84611.0,84450.0,84488.8,839.186
2025-04-18 11:00:00,84488.8,84635.4,84420.1,84627.3,903.779
2025-04-18 12:00:00,84627.3,84725.3,84522.0,84591.5,1248.786
2025-04-18 13:00:00,84591.5,84591.5,84419.0,84511.9,2392.909
2025-04-18 14:00:00,84511.9,84570.0,84323.4,84531.9,1507.81
2025-04-18 15:00:00,84531.9,84562.5,84276.1,84329.4,1284.167
2025-04-18 16:00:00,84329.4,84510.8,84250.0,84431.3,1267.741
2025-04-18 17:00:00,84431.3,84569.5,84340.6,84524.5,1070.758
2025-04-18 18:00:00,84524.5,84618.0,84466.8,84582.3,615.954
2025-04-18 19:00:00,84582.3,84605.9,84474.5,84533.9,608.054
2025-04-18 20:00:00,84533.9,84594.7,84425.1,84474.1,421.451
2025-04-18 21:00:00,84474.1,84647.0,84451.5,84581.2,881.959
2025-04-18 22:00:00,84581.2,84600.8,84377.4,84478.0,723.053
2025-04-18 23:00:00,84478.0,84478.0,84290.0,84419.6,725.263
2025-04-19 00:00:00,84419.6,84440.9,84324.1,84392.8,420.172
2025-04-19 01:00:00,84392.8,84552.0,84376.3,84500.0,521.267
2025-04-19 02:00:00,84500.0,84777.0,84450.4,84739.8,1481.51
2025-04-19 03:00:00,84739.8,84944.7,84732.1,84838.4,1564.401
2025-04-19 04:00:00,84838.4,85230.0,84833.9,84984.7,2438.137
2025-04-19 05:00:00,84984.7,85142.4,84950.1,85047.0,1023.582
2025-04-19 06:00:00,85047.0,85071.2,84865.3,84897.0,1345.005
2025-04-19 07:00:00,84897.0,85235.1,84897.0,85186.9,1557.885
2025-04-19 08:00:00,85186.9,85374.0,85085.1,85289.9,1725.495
2025-04-19 09:00:00,85289.9,85426.1,85200.0,85315.4,2219.0
2025-04-19 10:00:00,85315.4,85329.8,85135.4,85230.9,1189.686
2025-04-19 11:00:00,85230.9,85268.0,85100.0,85194.0,857.686
2025-04-19 12:00:00,85194.0,85300.0,85168.0,85266.6,522.634
2025-04-19 13:00:00,85266.6,85472.2,85172.9,85456.0,2040.989
2025-04-19 14:00:00,85456.0,85487.0,85331.5,85380.8,1911.414
2025-04-19 15:00:00,85380.8,85644.6,85041.6,85150.0,3705.366
2025-04-19 16:00:00,85150.0,85290.9,84659.4,84813.8,3345.976
2025-04-19 17:00:00,84813.8,85225.4,84797.4,85214.0,2232.974
2025-04-19 18:00:00,85214.0,85295.1,85100.0,85106.0,1768.749
2025-04-19 19:00:00,85106.0,85175.3,84997.8,85054.7,1257.752
2025-04-19 20:00:00,85054.7,85236.5,84973.7,85148.1,812.284
2025-04-19 21:00:00,85148.1,85350.0,85137.5,85303.6,811.51
2025-04-19 22:00:00,85303.6,85371.3,85177.8,85227.2,1089.828
2025-04-19 23:00:00,85227.2,85227.3,85016.8,85048.5,434.829
2025-04-20 00:00:00,85048.5,85200.0,85006.6,85129.9,646.402
2025-04-20 01:00:00,85129.9,85286.4,85102.0,85273.9,732.9
2025-04-20 02:00:00,85273.9,85290.0,85157.4,85190.3,556.044
2025-04-20 03:00:00,85190.3,85219.0,85068.7,85119.1,481.944
2025-04-20 04:00:00,85119.1,85212.0,85059.0,85143.2,505.232
2025-04-20 05:00:00,85143.2,85155.9,85050.0,85050.0,664.406
2025-04-20 06:00:00,85050.0,85121.0,84800.1,84906.7,1507.186
2025-04-20 07:00:00,84906.7,84906.7,84608.2,84730.1,2605.702
2025-04-20 08:00:00,84730.1,84757.4,84560.0,84584.1,1930.448
2025-04-20 09:00:00,84584.1,84584.1,84395.0,84485.7,2142.692
2025-04-20 10:00:00,84485.7,84485.7,83921.8,84130.1,3960.729
2025-04-20 11:00:00,84130.1,84210.0,83882.7,84080.1,2996.594
2025-04-20 12:00:00,84080.1,84430.0,84054.3,84313.4,2335.384
2025-04-20 13:00:00,84313.4,84410.0,84100.0,84269.4,1695.746
2025-04-20 14:00:00,84269.4,84627.6,84210.6,84580.5,2320.631
2025-04-20 15:00:00,84580.5,84581.9,84246.6,84296.0,1383.549
2025-04-20 16:00:00,84296.0,84580.6,84222.7,84559.9,1271.19
2025-04-20 17:00:00,84559.9,84585.7,84400.0,84538.6,894.147
2025-04-20 18:00:00,84538.6,84599.7,84421.3,84533.5,904.374
2025-04-20 19:00:00,84533.5,84623.6,84478.7,84600.6,634.616
2025-04-20 20:00:00,84600.6,85220.0,84571.3,85086.4,4416.481
2025-04-20 21:00:00,85086.4,85199.9,84870.4,84973.5,1351.492
2025-04-20 22:00:00,84973.5,84996.0,84621.3,84791.2,1426.327
2025-04-20 23:00:00,84791.2,85281.8,84791.1,85145.5,2921.818
2025-04-21 00:00:00,85145.5,86999.9,85106.1,86584.9,15105.128
2025-04-21 01:00:00,86584.9,87407.1,86584.9,87241.1,7953.604
2025-04-21 02:00:00,87241.1,87626.4,87090.3,87321.6,4952.984
2025-04-21 03:00:00,87321.6,87605.0,87144.9,87174.8,3663.085
2025-04-21 04:00:00,87174.8,87367.6,87033.0,87338.2,3630.197
2025-04-21 05:00:00,87338.2,87737.7,87311.0,87513.0,4650.884
2025-04-21 06:00:00,87513.0,87661.6,87329.8,87478.0,1970.052
2025-04-21 07:00:00,87478.0,87573.4,87294.5,87418.7,2142.032
2025-04-21 08:00:00,87418.7,87699.2,87400.0,87550.0,2923.995
2025-04-21 09:00:00,87550.0,87771.9,87274.4,87483.2,3264.171
2025-04-21 10:00:00,87483.2,87553.2,87211.9,87300.0,2057.313
2025-04-21 11:00:00,87300.0,87313.3,86615.2,86940.4,5075.542
2025-04-21 12:00:00,86940.4,87524.6,86935.4,87005.5,5649.754
2025-04-21 13:00:00,87005.5,87570.0,86755.5,87000.0,8370.76
2025-04-21 14:00:00,87000.0,88442.9,86900.0,88172.1,16422.192
2025-04-21 15:00:00,88172.1,88300.0,87810.0,87992.1,5013.251
2025-04-21 16:00:00,87992.1,88219.9,87016.0,87147.1,7006.154
2025-04-21 17:00:00,87147.1,87260.0,86350.0,86817.7,12214.23
2025-04-21 18:00:00,86817.7,87027.8,86606.0,86760.3,3868.912
2025-04-21 19:00:00,86760.3,87440.0,86675.6,87359.9,5047.685
2025-04-21 20:00:00,87359.9,87389.0,87102.0,87338.8,1719.964
2025-04-21 21:00:00,87338.8,87350.0,86786.8,87231.0,2221.891
2025-04-21 22:00:00,87231.0,87248.6,86880.2,87122.1,1795.941
2025-04-21 23:00:00,87122.1,87592.6,86985.3,87471.1,2684.407
2025-04-22 00:00:00,87471.1,87701.7,87013.6,87650.0,4814.727
2025-04-22 01:00:00,87650.0,88842.1,87466.8,88351.3,11206.774
2025-04-22 02:00:00,88351.3,88650.0,87869.9,88141.7,4430.282
2025-04-22 03:00:00,88141.7,88257.3,87800.0,88117.4,3088.057
2025-04-22 04:00:00,88117.4,88337.7,87986.5,88016.7,2635.829
2025-04-22 05:00:00,88016.7,88374.8,87920.0,88348.2,2113.641
2025-04-22 06:00:00,88348.2,88421.4,87941.8,88197.1,2392.961
2025-04-22 07:00:00,88197.1,88449.8,88115.7,88439.4,1823.827
2025-04-22 08:00:00,88439.4,88649.2,88280.0,88360.7,3158.889
2025-04-22 09:00:00,88360.7,88575.3,88280.0,88539.0,1692.958
2025-04-22 10:00:00,88539.0,88560.0,88200.1,88476.3,1910.938
2025-04-22 11:00:00,88476.3,88681.9,88435.6,88581.0,1798.32
2025-04-22 12:00:00,88581.0,89193.0,88440.0,88947.6,7446.265
2025-04-22 13:00:00,88947.6,90476.4,88896.9,90191.3,21285.797
2025-04-22 14:00:00,90191.3,90914.4,89981.4,90730.8,11855.199
2025-04-22 15:00:00,90730.8,91366.9,90340.0,90876.0,14827.217
2025-04-22 16:00:00,90876.0,90994.1,90566.6,90628.7,3684.131
2025-04-22 17:00:00,90628.7,91440.1,90601.8,91336.5,6798.768
2025-04-22 18:00:00,91336.5,91643.4,91073.3,91437.6,5114.892
2025-04-22 19:00:00,91437.6,91671.2,90865.5,91355.9,4717.988
2025-04-22 20:00:00,91355.9,91440.0,90988.7,91038.1,1755.75
2025-04-22 21:00:00,91038.1,94000.0,90984.1,92997.6,20675.954
2025-04-22 22:00:00,92997.6,93297.5,92502.9,92759.9,6549.722
2025-04-22 23:00:00,92759.9,93840.8,92759.9,93400.0,7594.902
2025-04-23 00:00:00,93400.0,93873.4,92754.3,92868.1,5959.531
2025-04-23 01:00:00,92868.1,93489.3,92561.0,92612.0,3766.565
2025-04-23 02:00:00,92612.0,93222.0,92578.6,92832.6,2843.963
2025-04-23 03:00:00,92832.6,93184.7,92651.4,93128.3,1773.399
2025-04-23 04:00:00,93128.3,93634.5,92969.0,93608.6,2815.906
2025-04-23 05:00:00,93608.6,93608.6,93240.5,93443.0,2627.421
2025-04-23 06:00:00,93443.0,93820.0,93378.1,93587.7,2502.492
2025-04-23 07:00:00,93587.7,94242.6,93450.0,94100.4,4333.179
2025-04-23 08:00:00,94100.4,94507.0,93875.1,94245.8,5542.46
2025-04-23 09:00:00,94245.8,94364.8,93860.0,93860.0,2851.763
2025-04-23 10:00:00,93860.0,93860.1,93299.2,93682.3,5120.339
2025-04-23 11:00:00,93682.3,93740.0,93268.4,93426.3,2250.98
2025-04-23 12:00:00,93426.3,93800.0,93379.6,93684.8,3555.74
2025-04-23 13:00:00,93684.8,94722.9,92825.0,92975.5,20895.074
2025-04-23 14:00:00,92975.5,93600.0,92620.8,92900.1,9131.036
2025-04-23 15:00:00,92900.1,93180.0,91911.8,93133.0,11263.613
2025-04-23 16:00:00,93133.0,93729.5,92862.8,93582.9,6387.681
2025-04-23 17:00:00,93582.9,93929.7,93393.2,93857.2,3550.726
2025-04-23 18:00:00,93857.2,94189.1,93558.0,93562.7,3425.941
2025-04-23 19:00:00,93562.7,93570.9,92909.0,93427.9,5302.576
2025-04-23 20:00:00,93427.9,93839.8,93405.2,93591.8,2985.953
2025-04-23 21:00:00,93591.8,93876.8,93222.0,93431.9,1921.98
2025-04-23 22:00:00,93431.9,93741.8,93178.3,93741.7,1885.052
2025-04-23 23:00:00,93741.7,93793.3,93470.0,93635.2,1279.549
2025-04-24 00:00:00,93635.2,93724.8,93200.0,93320.4,2187.608
2025-04-24 01:00:00,93320.4,93576.5,93012.5,93441.0,2144.933
2025-04-24 02:00:00,93441.0,93594.2,92947.6,93053.3,2395.525
2025-04-24 03:00:00,93053.3,93288.7,92579.2,92621.7,3652.825
2025-04-24 04:00:00,92621.7,92780.3,92321.7,92706.0,4343.401
2025-04-24 05:00:00,92706.0,92862.0,92479.1,92540.5,1489.909
2025-04-24 06:00:00,92540.5,92620.0,92207.3,92348.3,2591.043
2025-04-24 07:00:00,92348.3,92599.0,92060.8,92156.4,2571.227
2025-04-24 08:00:00,92156.4,92322.2,91631.5,91984.2,5747.686
2025-04-24 09:00:00,91984.2,92543.0,91937.2,92437.1,4017.646
2025-04-24 10:00:00,92437.1,92620.0,92326.0,92512.7,2418.782
2025-04-24 11:00:00,92512.7,92595.6,92235.3,92577.5,2784.022
2025-04-24 12:00:00,92577.5,92772.4,92388.4,92732.5,2483.08
2025-04-24 13:00:00,92732.5,92929.2,92500.2,92770.0,4490.924
2025-04-24 14:00:00,92770.0,93360.6,92566.5,93048.0,8687.425
2025-04-24 15:00:00,93048.0,93420.3,92960.0,93160.0,3118.439
2025-04-24 16:00:00,93160.0,93554.8,93160.0,93304.7,3756.422
2025-04-24 17:00:00,93304.7,93387.8,92613.3,92965.9,4504.011
2025-04-24 18:00:00,92965.9,93430.4,92952.6,93341.9,2250.813
2025-04-24 19:00:00,93341.9,93624.1,93158.0,93519.4,3065.426
2025-04-24 20:00:00,93519.4,93620.0,93269.0,93353.9,2330.107
2025-04-24 21:00:00,93353.9,93532.3,92999.0,93321.1,2077.875
2025-04-24 22:00:00,93321.1,93550.0,93244.5,93398.7,1352.673
2025-04-24 23:00:00,93398.7,93985.8,93338.0,93945.5,4129.47
2025-04-25 00:00:00,93945.5,93998.0,93500.0,93866.9,2568.118
2025-04-25 01:00:00,93866.9,94400.0,93560.4,93626.0,5105.618
2025-04-25 02:00:00,93626.0,93845.5,92828.6,92942.2,4980.049
2025-04-25 03:00:00,92942.2,93332.7,92775.6,93259.9,2676.685
2025-04-25 04:00:00,93259.9,93439.8,92982.6,93000.0,2357.053
2025-04-25 05:00:00,93000.0,93370.8,92951.1,93161.8,1411.185
2025-04-25 06:00:00,93161.8,93578.0,93153.8,93498.1,1473.397
2025-04-25 07:00:00,93498.1,93835.0,93454.5,93747.9,3341.207
2025-04-25 08:00:00,93747.9,93860.7,93590.7,93647.8,1163.307
2025-04-25 09:00:00,93647.8,93839.1,93505.3,93785.0,1258.282
2025-04-25 10:00:00,93785.0,93930.8,93537.0,93597.5,2223.838
2025-04-25 11:00:00,93597.5,94619.6,93597.5,94593.2,5124.271
2025-04-25 12:00:00,94593.2,94979.4,94220.3,94371.4,10796.921
2025-04-25 13:00:00,94371.4,94647.5,93888.8,94350.0,5529.757
2025-04-25 14:00:00,94350.0,95724.5,94331.7,95335.3,17643.988
2025-04-25 15:00:00,95335.3,95639.7,94760.1,95012.8,6765.378
2025-04-25 16:00:00,95012.8,95325.0,94670.6,95162.5,3927.09
2025-04-25 17:00:00,95162.5,95515.3,94329.6,94483.9,6129.043
2025-04-25 18:00:00,94483.9,95179.9,94483.9,94919.2,3212.278
2025-04-25 19:00:00,94919.2,95263.0,94800.2,95230.6,2735.836
2025-04-25 20:00:00,95230.6,95286.5,94710.0,94809.8,2026.903
2025-04-25 21:00:00,94809.8,94962.8,94406.0,94557.2,1544.875
2025-04-25 22:00:00,94557.2,94913.6,94537.5,94794.4,1107.399
2025-04-25 23:00:00,94794.4,94928.9,94554.6,94596.2,1354.68
2025-04-26 00:00:00,94596.2,94898.9,94510.0,94852.2,1743.193
2025-04-26 01:00:00,94852.2,95150.0,94709.9,94977.6,1473.865
2025-04-26 02:00:00,94977.6,95110.0,94658.2,94939.2,1162.63
2025-04-26 03:00:00,94939.2,95016.7,94662.1,94689.7,836.385
2025-04-26 04:00:00,94689.7,94776.5,94475.0,94488.3,1108.253
2025-04-26 05:00:00,94488.3,94660.0,94264.1,94577.9,1625.888
2025-04-26 06:00:00,94577.9,94709.0,94540.0,94600.6,899.385
2025-04-26 07:00:00,94600.6,94746.9,94498.2,94507.6,1051.788
2025-04-26 08:00:00,94507.6,94680.0,94206.2,94268.0,1902.936
2025-04-26 09:00:00,94268.0,94380.3,94067.1,94227.3,2044.503
2025-04-26 10:00:00,94227.3,94357.7,94100.6,94168.0,985.8
2025-04-26 11:00:00,94168.0,94215.1,93950.0,94101.0,1975.472
2025-04-26 12:00:00,94101.0,94286.0,94065.9,94198.9,1558.067
2025-04-26 13:00:00,94198.9,94262.2,93839.8,94108.9,1713.307
2025-04-26 14:00:00,94108.9,94231.3,93877.3,94200.0,1568.604
2025-04-26 15:00:00,94200.0,94363.4,94145.0,94333.6,1299.598
2025-04-26 16:00:00,94333.6,94333.6,94000.2,94241.4,1139.37
2025-04-26 17:00:00,94241.4,94328.5,94168.0,94276.8,439.077
2025-04-26 18:00:00,94276.8,94327.4,94071.1,94096.6,657.833
2025-04-26 19:00:00,94096.6,94275.4,94045.0,94251.1,501.502
2025-04-26 20:00:00,94251.1,94328.5,94035.0,94035.1,743.979
2025-04-26 21:00:00,94035.1,94312.4,94035.0,94312.4,811.926
2025-04-26 22:00:00,94312.4,94753.4,94312.4,94734.2,2479.467
2025-04-26 23:00:00,94734.2,94870.0,94510.1,94578.3,1340.002
2025-04-27 00:00:00,94578.3,94976.3,94527.6,94830.2,1921.321
2025-04-27 01:00:00,94830.2,95279.4,93959.1,94075.6,6254.717
2025-04-27 02:00:00,94075.6,94414.3,94000.2,94301.8,1559.355
2025-04-27 03:00:00,94301.8,94417.7,94090.0,94120.0,886.712
2025-04-27 04:00:00,94120.0,94250.0,93960.0,93974.3,1078.768
2025-04-27 05:00:00,93974.3,94128.9,93592.8,93870.3,3455.163
2025-04-27 06:00:00,93870.3,94044.0,93815.8,93969.0,795.366
2025-04-27 07:00:00,93969.0,94100.0,93881.2,94022.1,984.314
2025-04-27 08:00:00,94022.1,94279.1,93971.3,94162.4,1327.367
2025-04-27 09:00:00,94162.4,94189.7,94058.0,94114.4,932.116
2025-04-27 10:00:00,94114.4,94143.6,93899.0,94011.1,977.318
2025-04-27 11:00:00,94011.1,94043.8,93835.5,93866.0,820.894
2025-04-27 12:00:00,93866.0,93920.4,93624.0,93689.5,2268.714
2025-04-27 13:00:00,93689.5,94027.1,93538.4,94006.3,2801.226
2025-04-27 14:00:00,94006.3,94130.0,93873.7,93939.1,1561.56
2025-04-27 15:00:00,93939.1,93964.6,93734.7,93851.6,1172.048
2025-04-27 16:00:00,93851.6,93878.9,93673.5,93829.1,937.826
2025-04-27 17:00:00,93829.1,94120.8,93739.6,94001.9,1311.994
2025-04-27 18:00:00,94001.9,94386.2,93956.2,94253.6,1631.501
2025-04-27 19:00:00,94253.6,94405.3,94160.5,94396.1,869.978
2025-04-27 20:00:00,94396.1,94401.3,94220.0,94220.0,741.347
2025-04-27 21:00:00,94220.0,94516.8,94116.1,94289.3,981.388
2025-04-27 22:00:00,94289.3,94296.7,93576.9,93887.4,3467.089
2025-04-27 23:00:00,93887.4,93887.4,93605.0,93700.0,1268.697
2025-04-28 00:00:00,93700.0,93745.0,93224.6,93371.5,4633.159
2025-04-28 01:00:00,93371.5,93547.6,92750.0,92902.2,5127.788
2025-04-28 02:00:00,92902.2,93577.0,92838.9,93570.6,4001.533
2025-04-28 03:00:00,93570.6,93943.5,93420.0,93812.3,2679.296
2025-04-28 04:00:00,93812.3,94140.5,93812.2,93993.6,2142.485
2025-04-28 05:00:00,93993.6,94320.6,93918.8,94185.4,2246.605
2025-04-28 06:00:00,94185.4,94641.0,94185.4,94540.0,3041.531
2025-04-28 07:00:00,94540.0,94762.7,94444.2,94650.0,2387.439
2025-04-28 08:00:00,94650.0,94799.9,94545.0,94661.5,2636.019
2025-04-28 09:00:00,94661.5,94842.8,94617.7,94685.2,2377.43
2025-04-28 10:00:00,94685.2,95169.6,94280.5,95008.5,6764.943
2025-04-28 11:00:00,95008.5,95480.2,94958.2,95274.2,5434.552
2025-04-28 12:00:00,95274.2,95564.8,95017.1,95296.2,3938.066
2025-04-28 13:00:00,95296.2,95500.0,93856.0,93919.5,12147.092
2025-04-28 14:00:00,93919.5,94850.0,93796.0,94378.1,8835.506
2025-04-28 15:00:00,94378.1,94479.9,93524.0,93782.2,6864.064
2025-04-28 16:00:00,93782.2,93970.0,93381.9,93677.4,5179.754
2025-04-28 17:00:00,93677.4,94065.8,93421.4,94047.1,2709.705
2025-04-28 18:00:00,94047.1,94173.9,93739.5,94140.0,1977.742
2025-04-28 19:00:00,94140.0,94874.3,94098.7,94733.5,4741.357
2025-04-28 20:00:00,94733.5,94759.6,94305.5,94412.0,2127.951
2025-04-28 21:00:00,94412.0,94503.2,94250.8,94494.9,906.016
2025-04-28 22:00:00,94494.9,94833.4,94425.3,94764.0,1606.683
2025-04-28 23:00:00,94764.0,95126.8,94737.2,94969.7,3414.686
2025-04-29 00:00:00,94969.7,95193.1,94785.0,95018.7,2192.357
2025-04-29 01:00:00,95018.7,95440.0,94672.0,94815.2,5056.27
2025-04-29 02:00:00,94815.2,94915.0,94450.0,94581.3,2859.232
2025-04-29 03:00:00,94581.3,94769.0,94375.7,94612.8,1509.288
2025-04-29 04:00:00,94612.8,94837.6,94267.4,94315.1,2402.912
2025-04-29 05:00:00,94315.1,94371.8,94146.8,94235.0,1652.206
2025-04-29 06:00:00,94235.0,94766.5,94210.3,94729.6,1852.528
2025-04-29 07:00:00,94729.6,94930.4,94666.0,94879.9,1491.017
2025-04-29 08:00:00,94879.9,95044.4,94761.9,94986.4,2831.452
2025-04-29 09:00:00,94986.4,95060.0,94742.2,94943.2,1842.925
2025-04-29 10:00:00,94943.2,95032.9,94692.0,94759.2,2089.306
2025-04-29 11:00:00,94759.2,95250.0,94758.4,95084.4,3043.62
2025-04-29 12:00:00,95084.4,95121.0,94750.0,94770.0,2561.308
2025-04-29 13:00:00,94770.0,94988.8,94531.4,94751.6,5101.406
2025-04-29 14:00:00,94751.6,95266.0,94466.8,95000.0,6144.134
2025-04-29 15:00:00,95000.0,95097.3,94670.6,94792.7,2622.328
2025-04-29 16:00:00,94792.7,95444.3,94751.5,94902.3,5874.006
2025-04-29 17:00:00,94902.3,95322.4,94601.4,95203.2,6756.639
2025-04-29 18:00:00,95203.2,95400.0,95018.9,95340.2,3330.986
2025-04-29 19:00:00,95340.2,95390.9,95178.4,95264.1,2085.834
2025-04-29 20:00:00,95264.1,95362.7,94755.1,94780.8,3371.008
2025-04-29 21:00:00,94780.8,94915.9,94280.7,94692.2,6665.862
2025-04-29 22:00:00,94692.2,94692.3,93913.6,94102.2,4385.192
2025-04-29 23:00:00,94102.2,94261.8,93682.0,94200.0,4460.31
2025-04-30 00:00:00,94200.0,94583.0,94076.0,94486.0,2707.313
2025-04-30 01:00:00,94486.0,94578.8,94225.2,94479.9,2381.2
2025-04-30 02:00:00,94479.9,94771.0,94398.2,94604.8,2080.053
2025-04-30 03:00:00,94604.8,95076.8,94450.2,95000.0,3488.267
2025-04-30 04:00:00,95000.0,95146.5,94835.0,95039.8,2796.758
2025-04-30 05:00:00,95039.8,95082.5,94833.6,94863.1,1672.254
2025-04-30 06:00:00,94863.1,94929.2,94716.9,94720.4,1343.031
2025-04-30 07:00:00,94720.4,94847.0,94453.2,94584.3,1967.677
2025-04-30 08:00:00,94584.3,94772.2,94481.3,94671.1,1418.541
2025-04-30 09:00:00,94671.1,94993.7,94620.1,94930.8,1969.301
2025-04-30 10:00:00,94930.8,94980.0,94804.5,94904.9,1021.463
2025-04-30 11:00:00,94904.9,95187.5,94890.1,95131.3,2123.747
2025-04-30 12:00:00,95131.3,95174.3,94279.1,94490.2,6748.9
2025-04-30 13:00:00,94490.2,94650.8,92974.0,92994.1,13197.859
2025-04-30 14:00:00,92994.1,94320.0,92852.4,93669.0,12113.491
2025-04-30 15:00:00,93669.0,94073.2,93601.2,93951.1,3324.982
2025-04-30 16:00:00,93951.1,94148.0,93465.7,93883.4,4225.441
2025-04-30 17:00:00,93883.4,94228.2,93692.0,94055.9,1949.195
2025-04-30 18:00:00,94055.9,94499.9,93940.0,94034.7,3177.972
2025-04-30 19:00:00,94034.7,94229.3,93700.4,94100.0,2198.856
2025-04-30 20:00:00,94100.0,94696.9,94059.1,94519.0,3967.528
2025-04-30 21:00:00,94519.0,94750.0,94334.0,94387.3,1775.398
2025-04-30 22:00:00,94387.3,94676.8,94013.6,94071.5,2286.258
2025-04-30 23:00:00,94071.5,94284.5,93923.2,94118.0,1777.259
2025-05-01 00:00:00,94118.0,94350.0,94070.7,94350.0,1196.795
2025-05-01 01:00:00,94350.0,94662.7,94339.8,94597.3,2294.705
2025-05-01 02:00:00,94597.3,94940.0,94565.3,94796.0,2773.498
2025-05-01 03:00:00,94796.0,94964.5,94638.7,94738.5,2009.53
2025-05-01 04:00:00,94738.5,94873.6,94672.1,94823.0,938.622
2025-05-01 05:00:00,94823.0,95149.7,94786.8,95114.3,2657.105
2025-05-01 06:00:00,95114.3,95150.0,94763.4,94845.1,2361.579
2025-05-01 07:00:00,94845.1,95050.0,94750.0,94978.6,1246.619
2025-05-01 08:00:00,94978.6,95173.6,94865.0,95164.4,1856.902
2025-05-01 09:00:00,95164.4,95773.0,95104.1,95481.5,5809.232
2025-05-01 10:00:00,95481.5,96366.0,95481.5,96125.6,9337.476
2025-05-01 11:00:00,96125.6,96228.8,95789.0,96138.2,4018.555
2025-05-01 12:00:00,96138.2,96430.0,96066.2,96330.2,4140.067
2025-05-01 13:00:00,96330.2,96705.7,95772.0,95776.0,11439.165
2025-05-01 14:00:00,95776.0,96888.0,95776.0,96788.0,9132.241
2025-05-01 15:00:00,96788.0,97383.1,96715.1,96804.4,11885.48
2025-05-01 16:00:00,96804.4,97300.0,96804.3,96951.3,4544.005
2025-05-01 17:00:00,96951.3,97160.0,96461.2,96754.0,4145.704
2025-05-01 18:00:00,96754.0,96907.9,96400.2,96818.2,2786.093
2025-05-01 19:00:00,96818.2,96835.0,96361.0,96466.0,3543.293
2025-05-01 20:00:00,96466.0,96852.6,96236.3,96350.1,4797.77
2025-05-01 21:00:00,96350.1,96739.9,96333.0,96425.5,1224.34
2025-05-01 22:00:00,96425.5,96600.0,96311.6,96331.9,1383.629
2025-05-01 23:00:00,96331.9,96465.4,96132.9,96430.9,1900.085
2025-05-02 00:00:00,96430.9,97030.0,96417.1,96987.2,3635.775
2025-05-02 01:00:00,96987.2,97138.5,96716.5,96922.4,2628.112
2025-05-02 02:00:00,96922.4,96996.9,96684.3,96902.0,1138.12
2025-05-02 03:00:00,96902.0,97199.9,96902.0,97062.0,2163.427
2025-05-02 04:00:00,97062.0,97276.6,96833.8,96897.4,1955.935
2025-05-02 05:00:00,96897.4,96967.9,96564.8,96651.3,2234.628
2025-05-02 06:00:00,96651.3,96844.6,96511.5,96680.2,2573.019
2025-05-02 07:00:00,96680.2,96698.1,96310.0,96310.0,3147.212
2025-05-02 08:00:00,96310.0,96736.1,96306.9,96589.0,2040.922
2025-05-02 09:00:00,96589.0,96735.0,96396.5,96558.1,1446.797
2025-05-02 10:00:00,96558.1,96882.0,96558.1,96848.3,1455.757
2025-05-02 11:00:00,96848.3,97050.0,96821.9,96866.5,2248.893
2025-05-02 12:00:00,96866.5,97141.3,96574.9,97141.3,5578.975
2025-05-02 13:00:00,97141.3,97218.3,96624.0,96730.0,4080.144
2025-05-02 14:00:00,96730.0,97868.0,96660.0,97703.8,10593.727
2025-05-02 15:00:00,97703.8,97848.5,97006.4,97263.1,6514.143
2025-05-02 16:00:00,97263.1,97746.3,97263.0,97299.9,5375.738
